HF,UHF,MP2,UMP2,MP3,UMP3,MP4,UMP4,CISD,UCISD,CCD,UCCD,CCSD,UCCSD,CCSD(T),UCCSD(T),QCISD,UQCISD,QCISD(T),UQCISD(T),CASSCF(4/8)_ORCA,CASPT2,SC-NEVPT2,FIC-NEVPT2,MRCI_ORCA,CASSCF(4/10),MRCI,MRCI+Q Davidson,MRCI+Q Davidson relaxed,MRCI+Q Pople,MRCI+Q Pople relaxed,ACPF,AQCC,CASSCF(8/10)
-24.459914163866497,-24.527024698432594,-24.57211169699354,-24.620202171879704,-24.590691046284757,-24.634462010788557,-24.598241458812502,-24.639263615207277,-24.596650681629608,-24.64149658512387,-24.60331241986251,-24.646578568843577,-24.604618854,-24.648310541,-24.610547750204223,-24.656398646101945,-24.604647495,-24.647759879,-24.61051994581633,-24.65518706804577,-24.53756018207104,-24.605549246584,-24.604106440317,-24.6046186579,-24.61170893796,-24.526776564429,-24.567614955596,-24.56860599,-24.56855786,-24.5681104,-24.56808634,-24.56808855813,-24.567769967146,-24.542538603704
-25.628168996578,-25.693828820179814,-25.73935564268544,-25.785704556705294,-25.75827351185576,-25.80026799222527,-25.766061500182808,-25.80529059205029,-25.764228957932477,-25.807159990878823,-25.771133781178712,-25.81206186033368,-25.772587861,-25.81393109,-25.77897322867676,-25.821809164184845,-25.772623531,-25.813383635,-25.778939591458208,-25.8205841509716,-25.71921413827041,-25.774941815902,-25.775540144318,-25.775834327445,-25.780963247301,-25.695514655902,-25.739991007925,-25.74377007,-25.74127595,-25.74187714,-25.74063335,-25.74063791231,-25.740201634048,-25.714145360136
,,,,,,,,,,,,,,,,,,,,,,,,,-26.508846752021,-26.550721682389,-26.55210547,-26.55190344,-26.55141339,-26.55131244,-26.551315905955,-26.550915373711,-26.524752320868
-26.502860016467743,-27.06726156874235,-26.638501656786136,-27.157208197299447,-26.92746245050185,-27.17239754006292,,-27.17789529597546,-27.014492711605264,-27.179156090315292,-26.70152908410745,-27.18374910239685,,-27.185916201,,-27.19351611933883,,-27.18538353,,-27.19227121159421,-27.075261244718163,-27.156475640079,-27.148913388034,-27.149790237484,-27.160306205126,-27.079426096642,-27.121358531901,-27.12281154,-27.1225868,-27.12208482,-27.12197254,-27.121976221523,-27.121559709126,-27.095502402431
-26.949571905000607,-27.460156885721517,-27.075394629413942,-27.547329077119286,-27.16255701272923,-27.560936997748605,-27.568871885287912,-27.564972709735684,-27.425991061426497,-27.562981800362383,-27.1461009500618,-27.564192535285585,,-27.565393874,,-27.567527222463877,,-27.565476473,,-27.567577827689323,-27.483462808166266,-27.564368788823,-27.556399924607,-27.557286625126,-27.568336482488,-27.488744142455,-27.530574753292,-27.53206928,-27.53183272,-27.53132178,-27.53120359,-27.531207422636,-27.530780690718,-27.505063207123
-27.284272720233524,-27.758492945758007,-27.407225595122544,-27.844820576908734,-27.46457247783412,-27.858674430930215,-27.606173038375513,-27.862871734523463,-27.458700763094367,-27.860909110630203,-27.47798669760415,-27.86214533270209,,-27.863427223,,-27.86565033244112,,-27.863509955,,-27.865686304184862,-27.78250213755095,-27.862911353281,-27.854587440581,-27.855464426116,-27.866930787365,-27.78875860953,-27.830333522594,-27.83184021,-27.83160458,-27.83108662,-27.8309689,-27.830972780787,-27.830541532895,-27.805313326516
-27.542406154026143,-27.98185058867065,-27.664079598327056,-28.067289742127276,-27.71102406013429,-28.081365627915492,-27.787125367505467,-28.08571680682049,-27.71442861827057,-28.08381433562131,-27.732790855493644,-28.085096422548904,,-28.086471281,,-28.08878505398448,,-28.086547256,,-28.088801625875256,-28.00701465723244,-28.086675841628,-28.07804325532,-28.078896332665,-28.090726390496,-28.014108633187,-28.055280857281,-28.05677015,-28.05654908,-28.05602526,-28.05591482,-28.055918682348,-28.055488373225,-28.030836507393
-27.74810786109532,-28.153513370256327,-27.86918924153538,-28.23797708384194,-27.910973527602337,-28.252243518852207,-27.96171879878201,-28.25673764272544,-27.917602412775583,-28.25494851128372,-27.934914520164263,-28.256285793062016,-27.939436516,-28.257839575,-27.9607155228268,-28.26027825879603,-27.941109108,-28.257918616,-27.962424706810264,-28.26026912929059,-28.180276440582254,-28.258901632693,-28.250018874889,-28.250840300172,-28.263000766052,-28.188062547568,-28.228717130045,-28.2301641,-28.22996974,-28.22944038,-28.22934329,-28.229347048164,-28.228922083317,-28.204858787648
-27.91790295995848,-28.289213828148142,-28.03872259363844,-28.372625908229328,-28.077317529011594,-28.38705086020924,-28.11546759027817,-28.391678701752408,-28.084606997921394,-28.3900857136326,-28.100726910152392,-28.39145916786325,-28.105211021,-28.393412489,-28.124649774123576,-28.396070438920365,-28.10696516,-28.393513522,-28.12638254840495,-28.39604817147469,-28.3180128066397,-28.395321036247,-28.386226522728,-28.387025252088,-28.399423796785,-28.32632201194,-28.366410189615,-28.36780024,-28.36764055,-28.36710501,-28.36702522,-28.367028853956,-28.366611484933,-28.343041612215
-28.06298267128556,-28.420279773364832,-28.183631273929542,-28.50350823747541,-28.219910790741594,-28.51983696290456,-28.250702407443903,-28.52629158419991,-28.226515954075214,-28.526800731246404,-28.241430174377808,-28.530168918333647,-28.245839601,-28.532963972,-28.263672771463163,-28.539821654186603,-28.247646416,-28.532553622,-28.265385663502485,-28.538673419820345,-28.430852659449734,-28.506602223942,-28.497370439505,-28.498147709666,-28.510832571195,-28.439480347853,-28.479047225029,-28.4803813,-28.48025754,-28.47971407,-28.47965224,-28.479655753043,-28.479245252496,-28.455936931928
-28.19059711628653,-28.516070890790328,-28.310972118773776,-28.59779615553166,-28.3453890883229,-28.61407475897139,-28.371401333399117,-28.62050810469789,-28.3505365237846,-28.62088617168543,-28.36437794882441,-28.62394823956227,-28.36868076,-28.626683906,-28.38531784828615,-28.633242299309124,-28.370525354,-28.626321021,-28.387004371787107,-28.632186157563208,-28.5346274520414,-28.600650795565,-28.593427414283,-28.59364542413,-28.60479989559,-28.534628127501,-28.573814090636,-28.57510932,-28.57501577,-28.57446153,-28.57441479,-28.574418320156,-28.574010700846,-28.550602811753
-28.305025133806215,-28.598778202602343,-28.42489102440735,-28.679094096831744,-28.45775076102881,-28.69526014060511,-28.48046864668233,-28.701621984559257,-28.460994207827017,-28.701790919295394,-28.47406295579328,-28.704540749033672,-28.478311613,-28.707153474,-28.494349160526,-28.71334719758672,-28.480170923,-28.706847794,-28.495971884125115,-28.71241511873725,-28.616427209647725,-28.680937722545,-28.67383191015,-28.674068852672,-28.685039183764,-28.616427466518,-28.655434045836,-28.65671827,-28.65664472,-28.65607598,-28.65603924,-28.656042947847,-28.655632094827,-28.631695417997
-28.408463822587713,-28.671194055298656,-28.527536728233198,-28.750301796410447,-28.5590980569124,-28.76631712463244,-28.579486091880344,-28.772574994350332,-28.56011832436572,-28.77246066614143,-28.57289933411272,-28.77491697489848,-28.57712723,-28.777362698,-28.593211198947895,-28.78316215494664,-28.578952258,-28.777124531,-28.594698249895742,-28.782371130018884,-28.687861461463548,-28.751124677333,-28.744073873418,-28.744342664415,-28.755164801789,-28.688055590656,-28.726932193262,-28.72823289,-28.72816457,-28.72758236,-28.72754823,-28.727552262851,-28.727133757345,-28.702230216439
-28.501899718727344,-28.734981804943256,-28.61992835811327,-28.81313569138547,-28.65041671450368,-28.82898662986328,-28.669137802260597,-28.835126302034425,-28.69899926214062,-28.834682500393924,-28.66191684416308,-28.836885296058643,-28.666172077,-28.839152412,-28.683096573148593,-28.84456539362921,-28.667964523,-28.838978981,-28.68435920236873,-28.84391550073048,-28.75096534639568,-28.813030456238,-28.806255175349,-28.806623610009,-28.817075666133,-28.750966733516,-28.790011046285,-28.79137118,-28.79128451,-28.79069091,-28.79064761,-28.790652088003,-28.79021921075,-28.764128646416
-28.585808988083446,-28.791131152177226,-28.702621767457572,-28.86858141999504,-28.73221838940111,-28.884271919948738,-28.749727646953183,-28.890293265130648,-28.76053592459333,-28.88950851500256,-28.74151251826816,-28.891509736605197,-28.745784217,-28.893608986,-28.76474682709146,-28.898681124172445,-28.747594818,-28.893492697,-28.765625762952208,-28.898156476510568,-28.80678941526465,-28.867899089738,-28.861069414306,-28.861478224622,-28.871930332888,-28.806791542245,,,,,,,,-28.818620076423
-28.660578577461475,-28.840285004060288,-28.77609010126857,-28.91724135808512,-28.804929550636967,-28.932784525515956,-28.8215311459456,-28.938696283660057,-28.820050432417656,-28.93758608054832,-28.811824001393347,-28.939438835045532,-28.81599631,-28.941393972,-28.83969856533955,-28.946189214784887,-28.818000013,-28.941324271,-28.839675133771888,-28.945766953129976,-28.856121016647265,-28.916367791367,-28.909411264608,-28.909857307771,-28.920210435644,-28.856122934025,,,,,,,,-28.866536434812
,,,,,,,,,,,,,,,,,,,,,,,,,-28.899570680696,,,,,,,,-28.908517461514
-28.784719506475206,-28.919585038852368,-28.897607726458627,-28.995973562894275,-28.925191788636138,-29.011271014767708,-28.940502733506577,-29.01700716935804,-28.93137519908629,-29.0153377656664,-28.95490468706967,-29.017023722010837,-28.956317117,-29.01877042,-29.000522263155176,-29.02320302576828,-28.957321561,-29.018765799,-29.004077087447815,-29.022922435784096,-28.93770697550299,-28.996200595106,-28.98889643304,-28.989418184998,-28.99960408794,-28.937707998823,,,,,,,,-28.945141655881
-28.835369892095503,-28.9506837111956,-28.94698453248053,-29.026905724930103,-28.974023450248083,-29.042104295976134,-28.98883738517013,-29.04777844402335,-28.978814728907043,-29.04587645683445,-28.9967164917893,-29.04752339861921,-28.998733674,-29.049201343,-29.021326535586567,-29.05353056120265,-28.999734635,-29.049220101,-29.023564054593212,-29.05329845868893,-28.971058335601047,-29.02915587524,-29.020529362884,-29.021141872151,-29.034354425638,-28.971179844697,-29.010649683627,-29.04157458,-29.01238644,-29.02427067,-29.01151764,,,-28.976346330931
-28.879360006470502,-28.97673878327543,-28.989725304187836,-29.052827502823543,-29.016255280805154,-29.067941992620636,-29.03062973034343,-29.073572530400117,-29.020243250531408,-29.07146365864295,-29.03473527742908,-29.073088274170708,-29.037383886,-29.074717474,-29.05246894182018,-29.078981988914155,-29.038244448,-29.074756722,-29.05366753141044,-29.0787895245858,-29.00294882392264,-29.058125667076,-29.049442662498,-29.050041879267,-29.061038010756,-29.002950566226,-29.038482256188,-29.04093253,-29.0397331,-29.03970594,-29.03910748,-29.039154704528,,-29.003500655532
-28.917414457828514,-28.99825121201403,-29.026544372670347,-29.074221849489927,-29.052593096962603,-29.089266124851477,-29.066569537178324,-29.09487173679564,-29.05608490281901,-29.09257620103627,-29.06852373351921,-29.09418784193348,-29.071604412,-29.095786316,-29.08376549977481,-29.100017017954976,-29.072357495,-29.095844992,-29.08447983618523,-29.099858703715423,-29.03352045788471,-29.084569265974,-29.07796287369,-29.078616707338,-29.088027523935,-29.033520536544,-29.066329529962,-29.06825897,-29.06741377,-29.06729342,-29.0668715,-29.066877861052,-29.066507008831,-29.036154692481
-28.950227255969207,-29.015342989733288,-29.058128670177016,-29.080740226766583,-29.08371792347769,-29.09478899583569,-29.09732804652613,-29.101286873281445,-29.08689626560018,-29.105490809376033,-29.097995794270936,-29.102589518678492,-29.101318725,-29.1158311,-29.112078461236145,-29.1235957725244,-29.102005673,-29.114433512,-29.112575329647537,-29.121693831117703,-29.0619696936843,-29.109308778516,-29.104897225102,-29.105645204499,-29.113779668094,-29.066903355089,-29.092586341219,-29.10193833,-29.09524338,-29.09711683,-29.09391132,-29.093989310481,-29.093007487519,-29.068483959190
-28.978443551122407,-29.038232599354348,-29.085122815153696,-29.100888242184404,-29.11027033504382,-29.114423227662765,-29.123539682185207,-29.120458970582636,-29.113254185254053,-29.125044140435463,-29.123386338536548,-29.12193929656244,-29.126849914,-29.135010544,-29.136791245471663,-29.14266353485215,-29.127492921,-29.134065214,-29.137178770785845,-29.143484553097544,-29.090168970360303,-29.128559813499,-29.126575253604,-29.126916529624,-29.134555468265,-29.092891824857,-29.116774644319,-29.12152742,-29.11842993,-29.11912796,-29.11760129,-29.117644186899,-29.117042420947,-29.094462220855
-29.002650631397675,-29.060190654293528,-29.108118127289305,-29.12313235993972,-29.132839095378568,-29.13669545055856,-29.14578920150989,-29.14236787420685,-29.135710743962928,-29.145129626074326,-29.145092723312693,-29.143677306335324,-29.148624475,-29.150210137,-29.15800524300782,-29.15444887466595,-29.149247553,-29.150166304,-29.15834322128336,-29.15413591594069,-29.11245915471301,-29.150486686326,-29.148577105467,-29.148916028036,-29.156282693429,-29.11489261973,-29.137941908463,-29.14095932,-29.13915122,-29.1394442,-29.13854615,-29.138571324995,-29.138139218321,-29.115145294441
-29.023375309856025,-29.079459046968505,-29.127645466368634,-29.144259087809015,-29.15195374075488,-29.15805079937932,-29.164603441290005,-29.163449567557915,-29.154772828392147,-29.1642410224304,-29.163543261446016,-29.164637622072537,-29.16709881,-29.168452314,-29.176048039098063,-29.17244617124521,-29.167707087,-29.168449479,-29.17635756253271,-29.1723273301328,-29.131345394387207,-29.168961593915,-29.167091925081,-29.167422729736,-29.174607836696,-29.133432807487,-29.156133671666,-29.1583436,-29.15712,-29.15723603,-29.1566266,-29.156642661997,-29.156295097082,-29.133668215805
-29.041085291764777,-29.09580914209505,-29.14417299972668,-29.160182699822975,-29.168082124584448,-29.17380561981574,-29.18044835676251,-29.179060614691245,-29.17089393713676,-29.17956645254043,-29.179151540316063,-29.180176951721812,-29.182698041,-29.183733601,-29.19128718886041,-29.187703990549537,-29.183297452,-29.18370878,-29.191582406949127,-29.18757389367801,-29.147276192497635,-29.184612525153,-29.182809486895,-29.183142327098,-29.190100519756,-29.148980021917,-29.171603976078,-29.17337258,-29.1724661,-29.17248693,-29.17203488,-29.172046425012,-29.171745409897,-29.149200272225
-29.056192771594144,-29.109419929311052,-29.15810902039744,-29.173009523243703,-29.18163293911669,-29.186423127554004,-29.193731209514105,-29.19159440697652,-29.184473493070136,-29.192171838374815,-29.192291933630692,-29.192659487434366,-29.195804996,-29.196476406,-29.20407653247028,-29.200484385912688,-29.196398946,-29.196421141,-29.204365610807496,-29.200323310006045,-29.160671291707082,-29.197732943805,-29.195978046192,-29.196310605688,-29.203205318414,-29.1606741596,-29.184606240792,-29.18608747,-29.18541225,-29.18534615,-29.18500913,-29.185017578878,-29.184738576281,-29.161094156015
-29.069059103006936,-29.12066615903799,-29.169808058871897,-29.183558849636206,-29.192961503869544,-29.196794650449416,-29.204806133985407,-29.20190422901021,-29.195860593207236,-29.20256985452576,-29.203300565738694,-29.202936566678527,-29.206760662,-29.207053713,-29.214741373311977,-29.211131684184537,-29.207350968,-29.206963453,-29.215029269716812,-29.21093636146305,-29.17269428331321,-29.20894432396,-29.206901949979,-29.207192113854,-29.213830004783,-29.172694887501,-29.195611478284,-29.19693987,-29.19635745,-29.19627512,-29.19598437,-29.19599083464,-29.195733875625,-29.172889288120
-29.079999830502096,-29.129877434714828,-29.179577991657112,-29.19214609190137,-29.202376559355766,-29.205232811229777,-29.213980799135182,-29.210300815629694,-29.205359386750793,-29.211071590890064,-29.212472592784117,-29.211316646386273,-29.215862181,-29.215767665,-29.223569108742502,-29.219940460319943,-29.216449053,-29.215635869,-29.223858338022072,-29.2197050551538,-29.181542881248273,-29.21793680654,-29.215890597269,-29.216188624791,-29.222861833447,-29.181543193719,-29.204734945834,-29.20593793,-29.20545395,-29.20533603,-29.20509436,-29.20509944847,-29.20485290288,-29.181726241897
-29.089289672633235,-29.137339993406837,-29.187686553090447,-29.199044032098872,-29.210146532525957,-29.212008094596968,-29.221522611725597,-29.217053290151856,-29.213234608165955,-29.21794691939795,-29.2200665218736,-29.218066242642283,-29.223370164,-29.222885171,-29.230813563475955,-29.227169959047146,-29.22395306,-29.222705116,-29.231105698616247,-29.226889156068506,-29.18900467702214,-29.225304885177,-29.223685619156,-29.224023767022,-29.230377351055,-29.189005108732,-29.212265616495,-29.21322601,-29.21290354,-29.21274561,-29.21258452,-29.212587998647,-29.212370417311,-29.189351349843
-29.09716723550396,-29.14330249906504,-29.194366717910768,-29.20448895665112,-29.21650477959808,-29.21735480618845,-29.22766394373656,-29.222395000305585,-29.219716229055564,-29.22343023237745,-29.226307754779235,-29.223417489837693,-29.229510022,-29.228637113,-29.23669651313088,-29.233045554833616,-29.230087347,-29.228401269,-29.23699166431644,-29.232713448573943,-29.19543789646388,-29.231513196344,-29.229936277662,-29.230281825707,-29.236407020404,-29.195438058675,-29.218477326026,-29.21931522,-29.21907479,-29.21889613,-29.21877601,-29.218778607006,-29.218575494894,-29.195761579098
-29.103839348228448,-29.147981213032804,-29.19982116075116,-29.208685768821145,-29.221653971623216,-29.221476066904252,-29.232606529848766,-29.226528430281785,-29.225003844156955,-29.227725283739986,-29.231392200213772,-29.22757217586376,-29.234480245,-29.233224377,-29.24141359852829,-29.23776341311491,-29.235048962,-29.232924407,-29.241710683921664,-29.237373469697737,-29.2007552391522,-29.236557687671,-29.235015404518,-29.235368541975,-29.241291011014,-29.200756679615,-29.223537095123,-29.22426408,-29.22409686,-29.2239005,-29.22381694,-29.223818948355,-29.22362911029,-29.201058124581
-29.10948497748757,-29.15156457019623,-29.204226159335143,-29.211812473872538,-29.22577001213711,-29.22454825715398,-29.236525411668904,-29.22962958634391,-29.22927049113331,-29.23100953797995,-29.235489616980335,-29.23070602544791,-29.238452089,-29.236821994,-29.24513479985228,-29.24149429821252,-29.239009192,-29.236449772,-29.245432225948363,-29.241040205800008,-29.20515331994371,-29.240571692604,-29.239032550414,-29.239388063802,-29.245077700632,-29.205153667237,-29.227618445699,-29.22825221,-29.22814414,-29.22793526,-29.22788126,-29.227882757609,-29.227704881621,-29.205433836775
-29.114258716340412,-29.15421719826769,-29.207735310800757,-29.214024403124306,-29.229005823464707,-29.226725239062983,-29.239572758633848,-29.231852168646117,-29.23266628546197,-29.233438262442007,-29.238747157727925,-29.232972795258586,-29.24157481,-29.239582356,-29.248007689991,-29.24438544134817,-29.242116806,-29.23912768,-29.248303183062777,-29.24386044854828,-29.20878725376029,-29.243682742538,-29.242111256202,-29.242462530613,-29.248072132617,-29.20879021707,-29.230870069442,-29.23143604,-29.23136655,-29.23115301,-29.23111828,-29.231119443083,-29.230951719255,-29.209050522522
-29.118293864413392,-29.156083417640957,-29.210483128935316,-29.215458319722934,-29.231495098409372,-29.228142530980232,-29.24188165213048,-29.233331700207746,-29.23532222815905,-29.235148504821318,-29.24129345693124,-29.234508364219,-29.243977828,-29.241642302,-29.25016076788207,-29.246572349399,-29.244500799,-29.241093744,-29.25045146289013,-29.24596548836804,-29.211793412858025,-29.245987981863,-29.244402725598,-29.244741870646,-29.250258483732,-29.211795437628,-29.233424034614,-29.23394607,-29.23389575,-29.23368502,-29.23365986,-29.233660822745,-29.233501629138,-29.212037689978
-29.121705129708754,-29.157290254494292,-29.21258850444005,-29.21623627973868,-29.23335595127373,-29.228921249768664,-29.24356977123647,-29.234189408444127,-29.237353647284834,-29.236262726058094,-29.243240395080296,-29.23543501086821,-29.245776252,-29.243121528,-29.251709386063894,-29.248168955976645,-29.246276278,-29.242468427,-29.251992215708693,-29.247471756229046,-29.214274422685808,-29.247646718618,-29.246058087691,-29.246381189595,-29.25184667428,-29.214275105406,-29.235398022037,-29.23589117,-29.23584773,-29.23564456,-29.23562285,-29.235623671291,-29.235472010955,-29.214500927272
-29.124590989000026,-29.1579499929764,-29.214157561142606,-29.21646891044592,-29.234693975268705,-29.22917146239917,-29.244742465354847,-29.234535492311718,-29.238863251296408,-29.236891857906308,-29.244689085641337,-29.235862891192888,-29.247072922,-29.244129161,-29.252756694831465,-29.24928003288512,-29.247546248,-29.243361244,-29.25302850111064,-29.24848464118587,-29.216316139774754,-29.248777888692,-29.24718167874,-29.247486515492,-29.252899160994,-29.216319837031,-29.236892566936,-29.23736432,-29.23732148,-29.23712841,-29.237107,-29.237107724972,-29.2369631489,-29.216530487582
-29.12703574689103,-29.158162284606647,-29.215285658855127,-29.216257738193015,-29.235604358574985,-29.22899448040797,-29.245494872371612,-29.234471295027877,-29.23994327250104,-29.237137069101966,-29.24573001304749,-29.23589462477072,-29.247960678,-29.244764576,-29.253396163512075,-29.25000045923336,-29.24840393,-29.243874427,-29.253653895965936,-29.24910303082713,-29.218007379420385,-29.249503553623,-29.247918437447,-29.248205634055,-29.253532708496,-29.218008243527,-29.23799231335,-29.23844559,-29.23840064,-29.23821892,-29.23819646,-29.238197102626,-29.238059520997,-29.218204702569
-29.12911133379346,-29.158015827011447,-29.2160582739493,-29.215696332209344,-29.236172768854285,-29.228483855400857,-29.24591277893152,-29.234090136193974,-29.240676497018693,-29.23709037692933,-29.24644449634851,-29.235624449398465,-29.248523212,-29.245121312,-29.25371231168489,-29.25042137682909,-29.248933601,-29.244099486,-29.253953268321666,-29.24941233775512,-29.21940733830412,-29.249900981213,-29.248328586987,-29.248598368991,-29.25384272793,-29.219408049317,-29.238773066323,-29.23920863,-29.23916071,-29.23899082,-29.23896687,-29.238967451946,-29.238836883576,-29.219591124251
-29.130878881125366,-29.157589623560515,-29.216551011386567,-29.21487045469561,-29.236475220087137,-29.22772525206493,-29.24607244072411,-29.23347699277653,-29.24113643953767,-29.23683437033503,-29.246904602369654,-29.23513812430007,-29.248834943,-29.245275004,-29.253780662380937,-29.25060931641497,-29.249210244,-29.244116191,-29.25400236842992,-29.24948983294905,-29.220574153615143,-29.250048526227,-29.248490750054,-29.248744152574,-29.253899811386,-29.220576894314,-29.239298857674,-29.23971634,-29.23966557,-29.23950757,-29.2394822,-29.239482758658,-29.239359266889,-29.220747297221
-29.1323901085663,-29.15695384500292,-29.21682921053257,-29.213857630172782,-29.236577474456976,-29.226795705215604,-29.246039924127423,-29.232707567082144,-29.241386961393065,-29.236440859618362,-29.247173395517663,-29.234511799503824,-29.248960278,-29.245296156,-29.25366668889684,-29.250634966144233,-29.249299396,-29.244000054,-29.25386759252696,-29.249407459776258,-29.221561843562416,-29.250018707568,-29.24848490552,-29.248723210949,-29.253772599681,-29.221563164385,-29.239624234085,-29.24002288,-29.23996987,-29.23982353,-29.23979704,-29.239797544378,-29.239681185063,-29.221721561780
-29.133688553233583,-29.15617033761681,-29.21694774502925,-29.212726630354958,-29.23653463420549,-29.22576285952824,-29.24587063845573,-29.23184738222122,-29.241482046422966,-29.235970235923336,-29.247301180092627,-29.233810935869997,-29.248952995,-29.245243012,-29.25342491188075,-29.25055347837736,-29.249255766,-29.243812626,-29.25360456217108,-29.249224312192517,-29.222406153893292,-29.249854636326,-29.248355295561,-29.248578804183,-29.253501307182,-29.222406861213,-29.239795152769,-29.24017404,-29.24011964,-29.23998458,-29.23995738,-29.239957842502,-29.239848634341,-29.222553904294
-29.134810664652463,-29.155292857034773,-29.216951281873833,-29.211537264338403,-29.236391288252072,-29.22468472798284,-29.24560942973052,-29.23095154884647,-29.24146594619408,-29.235471188738735,-29.247330867665703,-29.23309060275396,-29.248857154,-29.245158272,-29.253101220494933,-29.250408186708626,-29.249123812,-29.243603193,-29.253258621751904,-29.248988215985584,-29.223139816662552,-29.249621065075,-29.248144353161,-29.248354363365,-29.253123109284,-29.223140495902,-29.239849972436,-29.24020831,-29.24015341,-29.24002912,-29.24000168,-29.240002090326,-29.239899998575,-29.223276837033
-29.135786783442207,-29.154367147338608,-29.216875127311543,-29.2103402720758,-29.236182315761607,-29.2236096760239,-29.245291348102334,-29.23006486087929,-29.24137393941856,-29.23498090279319,-29.247295189280266,-29.232392415726473,-29.248706474,-29.245075798,-29.252729872690008,-29.25023010223292,-29.248938303,-29.243408729,-29.252865356734887,-29.24873580033292,-29.223789358891935,-29.249339436317,-29.24788796889,-29.24808517853,-29.252702370239,-29.223789990223,-29.239820276929,-29.24015746,-29.24010293,-29.23998885,-29.23996159,-29.239961962474,-29.239866891641,-29.223916289675
-29.136642016287116,-29.153431007595906,-29.216746434345275,-29.209177482029,-29.2359341471813,-29.222576855891575,-29.244942887641816,-29.229222518719467,-29.241233364034777,-29.23452632623861,-29.24721886771052,-29.231749926663767,-29.248526537,-29.245013859,-29.252337242388343,-29.25004069604635,-29.24872548,-29.243254653,-29.25245171846433,-29.248493277716236,-29.22437489660792,-29.249036877604,-29.247613435925,-29.247798399114,-29.252317764182,-29.224375568677,-29.239730816893,-29.24004643,-29.23999308,-29.2398886,-29.23986194,-29.239862267688,-29.239774082234,-29.224492494697
-29.13739701599724,-29.15251448363797,-29.216585584241766,-29.208082005250983,-29.23566622234997,-29.221616700670857,-29.244583437021717,-29.22845098961057,-29.241064911125378,-29.23412538985343,-29.24712005008728,-29.231186474323216,-29.24833595,-29.244982956,-29.25194255976629,-29.24985378814236,-29.248504671,-29.243156148,-29.2520372637651,-29.248277695511845,-29.22491207844312,-29.248732240924,-29.247335225976,-29.247508465882,-29.251851055005,-29.224912624986,-29.23960457565,-29.23989874,-29.2398472,-29.23975164,-29.23972588,-29.239726176196,-29.239644617007,-29.225020849546
-29.1380686733212,-29.151640278382366,-29.21640750450259,-29.207078484144503,-29.235392416795804,-29.22075146019549,-29.2442267076809,-29.22776891322416,-29.24088385871878,-29.233788602533522,-29.247011689929504,-29.23071715948677,-29.248147756,-29.244986813,-29.25155931179148,-29.249677642755287,-29.248288862,-29.243119894,-29.2516361350448,-29.248098503400342,-29.22541202283719,-29.248439306558,-29.247068726417,-29.247230694354,-29.251487316089,-29.225412543595,-29.239454880726,-29.23972776,-29.2396786,-29.23959131,-29.23956673,-29.239566992355,-29.239491814024,-29.225512735664
-29.138670726158168,-29.150824406290088,-29.216222871922252,-29.206183641164603,-29.235122309796395,-29.219995876242994,-29.243882011690555,-29.227188056714528,-29.24070118407861,-29.23352059155613,-29.246902756916263,-29.23035009823545,-29.247970679,-29.245024518,-29.25119649658748,-29.249516665001913,-29.248087132,-29.243145997,-29.251257321983772,-29.247959318227927,-29.2258830885814,-29.248166911536,-29.246820915557,-29.24697195387,-29.251043736041,-29.225883458904,-29.239294692639,-29.23954678,-29.2395004,-29.23942073,-29.23939754,-29.239397773957,-29.239328653652,-29.225976276600
-29.139214291662405,-29.150077053178517,-29.216039098360223,-29.205406919677667,-29.234862235819968,-29.21935790379532,-29.243555327258807,-29.226714159548425,-29.240524510549392,-29.233321472224617,-29.246799232235844,-29.2300876524576,-29.247810178,-29.245092259,-29.25085968750892,-29.24937260960734,-29.247904758,-29.243229794,-29.25090629562092,-29.247859477875135,-29.226330538682124,-29.247919670523,-29.246597752664,-29.246738346216,-29.250708658752,-29.226330940986,-29.239132927171,-29.23936497,-29.23932165,-29.23924894,-29.23922728,-29.239227473309,-29.239164094276,-29.226417023634
-29.139708326856308,-29.149403553567865,-29.21586113167423,-29.204751462275965,-29.234616123581823,-29.218839610369084,-29.24325015459323,-29.22634789254228,-29.240358873392996,-29.233188178750463,-29.2467048808199,-29.229927612472,-29.247669274,-29.245184715,-29.25055188603075,-29.249245494598064,-29.247745106,-29.24336369,-29.25058639047443,-29.247795592690547,-29.22675858934797,-29.247700126899,-29.246398238929,-29.246528757229,-29.25041921227,-29.226758597136,-29.238975888324,-29.23918881,-29.23914869,-29.23908234,-29.23906229,-29.239062455549,-29.239004437923,-29.226838557963
-29.140160023585626,-29.14880539627723,-29.215692087922257,-29.20421545037389,-29.23438614689889,-29.2184384600257,-29.24296818483902,-29.226086029207487,-29.24020734308709,-29.233115499020485,-29.24662185182226,-29.229864516078692,-29.24754922,-29.245296069,-29.250274207365337,-29.249134329694815,-29.247609042,-29.243538494,-29.25029844487329,-29.247762715566576,-29.227166881603488,-29.24751220426,-29.246231694157,-29.246352035766,-29.250084681308,-29.227168585686,-29.238827780202,-29.23902265,-29.23898579,-29.23892521,-29.23890678,-29.238906931101,-29.238853895462,-29.227243005690
-29.140575143875388,-29.148281173306888,-29.21553374049607,-29.20379269379461,-29.234173226160316,-29.218147684553507,-29.24270981926116,-29.22592162393292,-29.240071512931976,-29.233096631352044,-29.246551124978968,-29.229889886132305,-29.247449997,-29.245420668,-29.250026408955783,-29.24903759516394,-29.247496313,-29.243744405,-29.250042064475647,-29.247755095080368,-29.227561513478086,-29.247329675666,-29.246085455305,-29.246197903607,-29.249796384249,-29.227562043046,-29.238691158054,-29.23886915,-29.23883551,-29.23878015,-29.23876333,-29.238763461886,-29.238715024544,-29.227631466369
-29.140958301757728,-29.147827418272936,-29.21538690142275,-29.20347470305667,-29.233977406578415,-29.217958440924512,-29.242474564042052,-29.2258461436024,-29.239951893038292,-29.23312437435025,-29.246492852822175,-29.229994293289188,-29.247370718,-29.245553596,-29.24980730950716,-29.248953707213914,-29.247405764,-29.243972122,-29.24981588641077,-29.247767127878703,-29.22793936431407,-29.247191055553,-29.245964866849,-29.246068824865,-29.249557779568,-29.227939424637,-29.238567314502,-29.23872966,-29.23869913,-29.23864848,-29.23863322,-29.238633335371,-29.238589116318,-29.228004355562
-29.1413131976716,-29.147439309659088,-29.21525170524829,-29.203251257117767,-29.2337981435772,-29.217860182865685,-29.24226133084635,-29.225849603757894,-29.23984821676284,-29.23319127186117,-29.24644661413521,-29.230167348007527,-29.247309922,-29.245690712,-29.249615106553318,-29.248881129932407,-29.247335654,-29.244213165,-29.24961791556494,-29.24779364906936,-29.228300696599565,-29.247077145485,-29.245868073223,-29.245963789631,-29.249366574143,-29.228300771172,-29.238456607959,-29.23860457,-29.23857699,-29.23853058,-29.23851679,-29.238516894922,-29.238476524477,-29.228361672708
-29.141642811383917,-29.147111231848086,-29.215127830693092,-29.203110927671897,-29.233634516498533,-29.217841202520237,-29.242068662954484,-29.225921058050368,-29.23975968507776,-29.23329006420658,-29.246411608061216,-29.230398217241245,-29.247265804,-29.245826891,-29.249447624668655,-29.248816262224803,-29.247283905,-29.244460222,-29.24944578638381,-29.247830042945402,-29.228645887130185,-29.246983452211,-29.245789738072,-29.245877888588,-29.249124803793,-29.228645905409,-29.238358731511,-29.23849355,-29.23846872,-29.23842614,-29.23841372,-29.238413810709,-29.238376934787,-29.228703199283
-29.14194955905571,-29.14683720587564,-29.215014663737023,-29.203042277463343,-29.233485385555788,-29.217889782440448,-29.241894902422708,-29.226049620924183,-29.239685153691173,-29.233413917491244,-29.246386796369023,-29.230676337891595,-29.247236388,-29.24596333,-29.249302498751785,-29.24876231661172,-29.247248283,-29.244707236,-29.24929695568951,-29.24787253960632,-29.228974500432244,-29.246910316866,-29.245730518893,-29.245811339474,-29.248994353295,-29.228974573551,-29.238272930698,-29.23839582,-29.23837352,-29.23833437,-29.23832322,-29.238323299492,-29.238289583531,-29.229028641335
-29.14223541977219,-29.146611204633345,-29.21491142009287,-29.203034242055374,-29.23334950604974,-29.217994595538,-29.24173831211238,-29.226224853577197,-29.2396232813449,-29.23355667261068,-29.24637101534018,-29.23099175094412,-29.247219651,-29.246096158,-29.249177314985754,-29.248715730151837,-29.247226535,-29.244946646,-29.249168849256034,-29.24791485665248,-29.22928627642382,-29.246849871388,-29.245682680286,-29.245757062789,-29.248837047657,-29.229286539723,-29.238198174005,-29.23831028,-29.23829029,-29.23825423,-29.23824423,-29.238244297046,-29.238213428618,-29.229337724798
-29.142502036352887,-29.146427375673603,-29.21481723240277,-29.203076302510244,-29.23322560904373,-29.21814489920488,-29.24159716178012,-29.226436900753647,-29.23957263678515,-29.23371286531641,-29.246363052266425,-29.23133622895227,-29.247214819,-29.246223119,-29.249070439961045,-29.248674513411704,-29.247217539,-29.245180091,-29.24905956633392,-29.24796102683744,-29.229581169541152,-29.246804427935,-29.245649142397,-29.245717368751,-29.248698523627,-29.229581646078,-29.238133277554,-29.23823569,-29.23821777,-29.23818448,-29.23817552,-29.23817558464,-29.238147274999,-29.229630256147
-29.14275079480918,-29.146280188243736,-29.214731210728175,-29.20315870442405,-29.23311245624129,-29.21833071322844,-29.241469786452484,-29.226676635758984,-29.2395317786548,-29.233877679767527,-29.246361703172408,-29.231699199511954,-29.247217584,-29.246344562,-29.24897817848121,-29.248639242506087,-29.247217105,-29.245402638,-29.248965557860885,-29.248006336131336,-29.22985927870197,-29.246770208346,-29.245626369952,-29.24568889556,-29.248600815944,-29.229859845234,-29.238077028125,-29.23817074,-29.23815469,-29.23812388,-29.23811586,-29.238115912982,-29.23808989734,-29.229906155152
-29.14298288623876,-29.14616452323405,-29.214652487429845,-29.2032727420726,-29.23300887639587,-29.218543162757303,-29.24135462462076,-29.22693600477964,-29.239499314263547,-29.23404712071812,-29.24636581599453,-29.2320742427318,-29.247227455,-29.246459555,-29.24889914178597,-29.2486086731685,-29.247224438,-29.24561257,-29.248885196479616,-29.24804958127812,-29.230120803035742,-29.246745426552,-29.245612841037,-29.245670088691,-29.248494266604,-29.230121213861,-29.238028172946,-29.23811411,-29.23809972,-29.23807114,-29.23806395,-29.238063993673,-29.238040031653,-29.230165468572
-29.143199354474163,-29.146075720616984,-29.21458024248472,-29.203410714746173,-29.23291378606933,-29.21877441494413,-29.241250239283477,-29.2272079437964,-29.239473935714145,-29.234217798262087,-29.246374315010755,-29.232454860984927,-29.247242878,-29.246567734,-29.248831421904654,-29.248582075057026,-29.24723786,-29.245808865,-29.248816490447783,-29.24808995067333,-29.230365714223012,-29.246696716119,-29.245606779048,-29.245659136608,-29.248426997142,-29.23036595418,-29.237985646439,-29.23806464,-29.23805172,-29.23802514,-29.23801869,-29.238018728259,-29.23799660151,-29.230408371626
-29.1434011323008,-29.14600959583809,-29.214513718980648,-29.20356591149606,-29.23282620062174,-29.219017678272753,-29.24115532827992,-29.22748637713456,-29.23945444306432,-29.234386962031564,-29.24638621779364,-29.232837452524745,-29.24726248,-29.246668932,-29.248773305623544,-29.248558800003966,-29.247255894,-29.245991049,-29.248757657913945,-29.24812693606508,-29.230594116198414,-29.246685613766,-29.24560474711,-29.245653558406,-29.248346638791,-29.230594385571,-29.237948359839,-29.23802117,-29.23800955,-29.23798477,-29.23797896,-29.237978994791,-29.237958507304,-29.230635159489
-29.143589068572112,-29.145962434832967,-29.214452232297273,-29.203732593332575,-29.232745237453663,-29.21926717812627,-29.241068725997543,-29.227766187697288,-29.239439757271292,-29.23455241660957,-29.246400644496607,-29.23321344788696,-29.247285067,-29.246763133,-29.24872327585305,-29.248538273656145,-29.247277263,-29.246159069,-29.248707126095,-29.248160262067962,-29.2308065964492,-29.246678872349,-29.245607205374,-29.245651842355,-29.248293003834,-29.230806931654,-29.237915375102,-29.23798268,-29.23797221,-29.23794903,-29.23794379,-29.237943825039,-29.237924801119,-29.230846234186
-29.14376394820604,-29.14593097443929,-29.214395171339056,-29.20390594175399,-29.232670113789062,-29.219518112993736,-29.24098939913428,-29.228043175253088,-29.239428923387106,-29.234712463131956,-29.2464168198724,-29.23358099880353,-29.247309616,-29.246850428,-29.248680004098578,-29.248519989942466,-29.247300875,-29.246313188,-29.248663521631848,-29.24818982596561,-29.231003648788917,-29.246675049966,-29.245612763667,-29.245653618157,-29.248233417425,-29.231004105359,-29.237885870954,-29.23794828,-29.23793881,-29.23791707,-29.23791234,-29.23791236993,-29.237894652578,-29.231042089461
-29.14392650663016,-29.14591237377727,-29.21434199698689,-29.204081911940357,-29.232600141526586,-29.219766487604048,-29.2409164391671,-29.228313886328724,-29.23942110874199,-29.23486580045409,-29.246434071735656,-29.23393700721118,-29.247335262,-29.246930984,-29.24864233896108,-29.248503504215797,-29.247325813,-29.246453883,-29.2486256572142,-29.248215644494305,-29.23118571830881,-29.246673350679,-29.245620572618,-29.24565799226,-29.248177769651,-29.231186491587,-29.237859141241,-29.23791718,-29.2379086,-29.23788816,-29.23788387,-29.23788389797,-29.237867347222,-29.231223293210
-29.1440774399978,-29.145904180383088,-29.214292237447193,-29.20425727501024,-29.232534719484885,-29.22000918302512,-29.240849052061716,-29.22857569338928,-29.23941559680814,-29.235011524693356,-29.24645182614774,-29.23427915696827,-29.24736129,-29.247005029,-29.24860929150335,-29.248488431928525,-29.247351873,-29.246581786,-29.24859306193828,-29.248237823455437,-29.231353648435334,-29.246673149302,-29.24562918476,-29.245663448572,-29.248145398074,-29.231354732155,-29.237834590665,-29.23788875,-29.23788094,-29.23786167,-29.23785776,-29.23785779094,-29.237842282233,-29.231390472214
-29.144217412181536,-29.1459042940398,-29.214245482964103,-29.204429293426983,-29.232473325141974,-29.220243561997552,-29.240786547424666,-29.228826389517565,-29.23941177873447,-29.235148951813844,-29.24646960083468,-29.234605515650475,-29.247387721,-29.247072821,-29.248580621292252,-29.24847444077364,-29.247377264,-29.246694886,-29.24856374878972,-29.248253342532102,-29.231508241746976,-29.246673961332,-29.245638049399,-29.245669414186,-29.248112729896,-29.23165153367,-29.237790104901,-29.23783772,-29.23783119,-29.23781391,-29.23781065,-29.237810668964,-29.237796924842,-29.231544295703
-29.144347059398797,-29.145910929986847,-29.21420137909904,-29.204595873660228,-29.232415505459244,-29.22046768737488,-29.240728326791192,-29.229064425348117,-29.239409143313143,-29.235277688666336,-29.24648699725721,-29.234914784448804,-29.247412802,-29.247132736,-29.24855436847964,-29.248458952462762,-29.247402106,-29.246799583,-29.248537561186037,-29.24826895075828,-29.231650260324543,-29.246675241355,-29.245646730001,-29.245675419498,-29.24807289187,-29.231781529775,-29.237769489596,-29.23781436,-29.23780835,-29.23779192,-29.23778892,-29.237788939629,-29.237775941059,-29.231685461792
-29.144466993103627,-29.145922583475198,-29.214159619747587,-29.204755808663297,-29.232360868326765,-29.22068060689295,-29.240673872638908,-29.2292891991095,-29.23940724805496,-29.23539771051655,-29.246503691714445,-29.235206569873224,-29.247436846,-29.247188961,-29.248530580532037,-29.24844639090069,-29.247426009,-29.246893763,-29.248513888340277,-29.24828147762008,-29.231779718199544,-29.246676971567,-29.245655916769,-29.24568215943,-29.248052763251,-29.231900227209,-29.237749587927,-29.237792,-29.23778645,-29.23777079,-29.23776802,-29.237768039751,-29.237755709146,-29.231814685468
-29.14457780165934,-29.145937995631034,-29.21411994069552,-29.204908027467507,-29.232309073996028,-29.220881473826047,-29.24062273752287,-29.229500164600363,-29.2394057837524,-29.235509035190933,-29.24651942691873,-29.235480534631183,-29.247459567,-29.247239862,-29.24850875849813,-29.248434222996305,-29.247447488,-29.246978215,-29.24849125267537,-29.248291146346652,-29.231899337547315,-29.246678207987,-29.245662222866,-29.245686133736,-29.248037435094,-29.232008350939,-29.237730210259,-29.23777043,-29.23776529,-29.23775032,-29.23774775,-29.237747766792,-29.237736035223,-29.231932686936
-29.144680051167743,-29.1459561220537,-29.214082113386407,-29.205051485685537,-29.232259827677964,-29.221069406041252,-29.240574534567155,-29.229696691867133,-29.239404447018913,-29.23561166381592,-29.246534003361774,-29.23573624897051,-29.247480753,-29.24728573,-29.248488487583067,-29.248422273688718,-29.247468668,-29.247053683,-29.248471154916828,-29.248298169890607,-29.2320041727556,-29.246678977839,-29.245672769968,-29.245694732689,-29.248031637553,-29.232106614406,-29.237711217717,-29.23774948,-29.23774469,-29.23773035,-29.23772795,-29.237727970454,-29.237716776652,-29.232040183116
-29.14477428577286,-29.14597610398372,-29.214045939363128,-29.205185570619182,-29.232212872556488,-29.221243989875315,-29.240528928525006,-29.22987858933625,-29.239403012026767,-29.23570573850108,-29.2465472711472,-29.2359737051427,-29.247500252,-29.247326857,-29.248469424459376,-29.248410401347893,-29.247488216,-29.247120892,-29.248452286675963,-29.24830276467944,-29.232103861418764,-29.246679031569,-29.245677971099,-29.24569795103,-29.248024410809,-29.232276319725,-29.237674031268,-29.23770896,-29.23770476,-29.23769149,-29.2376894,-29.237689411666,-29.237679135891,-29.232137880346
-29.14486102764692,-29.145997242185263,-29.214011245273348,-29.205310288018254,-29.2321679835906,-29.2214055173031,-29.240485627847793,-29.230046348028363,-29.23940130054294,-29.235791694257948,-29.246559122629304,-29.23619356281157,-29.247516747,-29.247363535,-29.248450259334412,-29.248398493703434,-29.247506022,-29.247180543,-29.248434360598857,-29.248305147650544,-29.23219504155278,-29.246678104629,-29.245680630989,-29.245698741321,-29.247988336577,-29.232349081498,-29.237655515663,-29.23768902,-29.23768507,-29.23767227,-29.23767029,-29.237670308551,-29.237660425747,-29.232226467703
-29.14494077681461,-29.14601897355256,-29.21397787871891,-29.20542558843066,-29.232124962845617,-29.22155417477002,-29.240444378434173,-29.23020032056475,-29.239399174562756,-29.235869853957336,-29.246569485897425,-29.236396345505597,-29.247532605,-29.247396043,-29.248432802270024,-29.248386458311828,-29.247522017,-29.247233281,-29.248417140776283,-29.248305512911013,-29.232275495018804,-29.246676714816,-29.24568423402,-29.245701563692,-29.247976441911,-29.232414616481,-29.237637395536,-29.23766962,-29.2376659,-29.23765351,-29.23765165,-29.237651660713,-29.237642130857,-29.232306612715
-29.14501401093879,-29.14604085037196,-29.21394570476248,-29.205531562288087,-29.23208363495977,-29.221690283776457,-29.240404957661095,-29.230340969664766,-29.23939652944976,-29.235940591873568,-29.24657831865217,-29.23658268214673,-29.247546589,-29.247424646,-29.248415848781892,-29.248374222445136,-29.247536168,-29.2472797,-29.248400434070927,-29.248304040139868,-29.23234848753592,-29.246674285865,-29.245686847879,-29.24570256026,-29.247970321143,-29.232473512156,-29.23761944357,-29.23765053,-29.237647,-29.23763499,-29.23763322,-29.237633232411,-29.237624021123,-29.232378957285
-29.14508118516382,-29.14606252209811,-29.213914603236468,-29.205628409531585,-29.232043843563968,-29.22181426921548,-29.240367169615247,-29.230468840177117,-29.23939327851558,-29.23600430215782,-29.246585603136158,-29.236753280452888,-29.247558697,-29.2474496,-29.24839924410145,-29.24836172966654,-29.24754847,-29.247320348,-29.248384082822785,-29.248300893884743,-29.232413984312423,-29.246653776386,-29.245687908814,-29.24570306679,-29.247953179269,-29.232526324478,-29.237601670035,-29.23763172,-29.23762836,-29.2376167,-29.23761502,-29.23761502843,-29.237606105003,-29.232444115221
-29.1451427320118,-29.146083719439897,-29.213884466558014,-29.205716417903346,-29.232005449095965,-29.221926637515047,-29.24033084174909,-29.230584540113945,-29.23938938884616,-29.236061388372136,-29.24659134188759,-29.23690890766667,-29.24756895,-29.247471148,-29.24838286275646,-29.248348937562962,-29.247558938,-29.24735573,-29.248367959158543,-29.24829622440953,-29.232472605498128,-29.24664937529,-29.245689107533,-29.245702918795,-29.24794992929,-29.232573577398,-29.237584092555,-29.23761321,-29.23761001,-29.23759865,-29.23759705,-29.237597061522,-29.237588398511,-29.232502670104
-29.14519906143179,-29.146104240542943,-29.21385519779317,-29.20579594539536,-29.23196832598164,-29.22202795850257,-29.240295821161425,-29.2306887251258,-29.2393848128847,-29.236112260377773,-29.246595677997696,-29.237050374978647,-29.247577386,-29.247489521,-29.24836660327561,-29.248335815317457,-29.247567606,-29.247386305,-29.248351959630575,-29.24829016821367,-29.232525364509662,-29.246644029987,-29.24568871774,-29.245701298932,-29.247940983922,-29.232615761719,-29.237566713663,-29.23759499,-29.23759192,-29.23758085,-29.23757932,-29.237579329634,-29.237570902667,-29.232555174406
-29.145250560950256,-29.14612393909749,-29.213826710481012,-29.205867397411488,-29.231932362031863,-29.222118840641212,-29.240261973139322,-29.230782075928623,-29.239379531521443,-29.236157325710447,-29.246598365441994,-29.237178514935977,-29.247584056,-29.247504939,-29.248350385392687,-29.24832234294872,-29.247574522,-29.247412496,-29.24833600230212,-29.24828285007805,-29.232570299604408,-29.246638351434,-29.245689128111,-29.245700675384,-29.247926255153,-29.232653336917,-29.237549599848,-29.23757712,-29.23757417,-29.23756336,-29.23756189,-29.237561895972,-29.237553682872,-29.232602148959
-29.145297595965907,-29.14614271413608,-29.213798926907124,-29.205931207856423,-29.231897456452003,-29.22219991086816,-29.240229178438284,-29.23086528014789,-29.239373538397707,-29.236196982958088,-29.246599607243255,-29.237294162857925,-29.247589021,-29.247517609,-29.248334146005426,-29.248308509060667,-29.247579745,-29.247434689,-29.248320022668047,-29.248274383439437,-29.23261490678189,-29.246630854795,-29.245684307187,-29.245694768189,-29.247889216422,-29.232686730217,-29.237532582195,-29.23755941,-29.23755657,-29.23754599,-29.23754458,-29.237544585729,-29.237536568265,-29.232644081770
-29.14534051016985,-29.146160501359727,-29.21377177885003,-29.20598782709148,-29.23186352015595,-29.222271801883608,-29.240197332999674,-29.230939021370578,-29.239366838880645,-29.236231619993152,-29.24659945603389,-29.23739814556388,-29.247592351,-29.247530089,-29.24831783776688,-29.248296401118093,-29.247583342,-29.247453237,-29.248303972189127,-29.24826487282864,-29.232652708713086,-29.24662302472,-29.245680238834,-29.245689782988,-29.247869403428,-29.232716338318,-29.237516048384,-29.23754225,-29.23753951,-29.23752915,-29.23752778,-29.237527788124,-29.237519947033,-29.232681429798
-29.145379626062617,-29.146177265793305,-29.213745205925527,-29.20603771110471,-29.231830474140246,-29.22233514140805,-29.240166345772376,-29.23100396996061,-29.239359431322207,-29.23626160992849,-29.24659797129741,-29.23749127154551,-29.247594123,-29.247537693,-29.24830142598666,-29.248281713509403,-29.247585387,-29.247468464,-29.24828781519236,-29.24825441445837,-29.232686220241007,-29.246614488617,-29.245675330211,-29.245684048301,-29.247878831618,-29.232742528271,-29.23749982878,-29.23752546,-29.23752281,-29.23751265,-29.23751132,-29.237511328348,-29.237503647832,-29.232714617996
-29.1454152455801,-29.1461929956244,-29.21371915675573,-29.206081315543088,-29.231798249886634,-29.222390545798376,-29.24013613867546,-29.231060777998398,-29.239351372185368,-29.236287311391443,-29.246595219279204,-29.237574325802093,-29.24759442,-29.247543131,-29.248284888173163,-29.248266686409472,-29.247585962,-29.247480668,-29.248271528358163,-29.248243098396447,-29.232716214615014,-29.24660518526,-29.245668239967,-29.245676184624,-29.247844855058,-29.232765637987,-29.237483944713,-29.23750906,-29.23750649,-29.2374965,-29.23749522,-29.237495225314,-29.237487691191,-29.232744041009
-29.145447650799365,-29.146207697049977,-29.213693588300423,-29.20611908995583,-29.2317667887096,-29.222438614648524,-29.240106645544024,-29.231110075002924,-29.23934267360808,-29.23630906631521,-29.246590408572235,-29.23764806509435,-29.247593328,-29.247546574,-29.248268212348428,-29.248251337159637,-29.24758515,-29.247490123,-29.248255098990768,-29.248231009703616,-29.232741727597784,-29.246595825987,-29.245663749372,-29.245671057236,-29.247852812282,-29.232785978317,-29.23746839753,-29.23749304,-29.23749054,-29.23748072,-29.23747947,-29.237479477988,-29.23747207767,-29.232770064028
-29.145477104695253,-29.14622139000316,-29.213668465581264,-29.20615147384694,-29.231736041345336,-29.222479927398375,-29.24007781138897,-29.231152465513727,-29.23933337176212,-29.23632720095188,-29.246585373426186,-29.237713215228805,-29.247590938,-29.247548187,-29.248251395914295,-29.248235688170546,-29.247583042,-29.247497085,-29.248238523887895,-29.248218229390748,-29.232764541703148,-29.246585890145,-29.245656897967,-29.245663597661,-29.247830128596,-29.232803833696,-29.237453210492,-29.23747743,-29.23747499,-29.23746532,-29.2374641,-29.237464107768,-29.237456829913,-29.232793023274
-29.14550385196248,-29.146234104651576,-29.213643761684633,-29.206178893971835,-29.231705967537852,-29.22251504063924,-29.24004959169414,-29.231188527196647,-29.23932350808556,-29.23634202692235,-29.246579295599023,-29.237770469026888,-29.247587342,-29.247548128,-29.24823444461241,-29.24821976674577,-29.247579727,-29.247501788,-29.248221808334915,-29.24820483544312,-29.23278405260289,-29.246574279029,-29.245648331946,-29.245655415773,-29.247822038017,-29.232819463954,-29.237438443876,-29.23746227,-29.23745989,-29.23745036,-29.23744917,-29.237449173854,-29.23744200784,-29.232813228061
-29.145528119861986,-29.14624587853577,-29.213619456457728,-29.20620175760644,-29.231676535189543,-29.22254448132937,-29.240021951342353,-29.23121880471905,-29.23931312785519,-29.236353835112794,-29.246572256582155,-29.237820479658367,-29.247582633,-29.247546547,-29.248217371000504,-29.24820360377916,-29.247575298,-29.247504453,-29.24820496448556,-29.24819090269128,-29.232803310655168,-29.2465623844,-29.245638032912,-29.245644444981,-29.247821443267,-29.23283310573,-29.237424075579,-29.23744754,-29.23744521,-29.23743581,-29.23743464,-29.237434652164,-29.237427588693,-29.232830961428
-29.145550119086227,-29.146256754255074,-29.213595537002806,-29.206220464162826,-29.23164771995244,-29.22256876187016,-29.239994863969326,-29.231243825460503,-29.23930227993552,-29.236362907050076,-29.246564339716446,-29.23786387705047,-29.247576908,-29.247543587,-29.248200194026992,-29.248187234206473,-29.24756985,-29.247505284,-29.248188010976865,-29.248176503811656,-29.232819321868604,-29.246550002473,-29.245626898642,-29.245633241715,-29.247791472537,-29.232844973751,-29.237410112859,-29.23743325,-29.23743097,-29.23742168,-29.23742054,-29.237420548578,-29.237413579275,-29.232846481927
-29.145570044648153,-29.14626677763544,-29.21357199627033,-29.206235390077904,-29.231619504115248,-29.222588361320405,-29.239968310703954,-29.231264081098026,-29.23929101550229,-29.236369608673247,-29.24655562892927,-29.23790124885563,-29.247570259,-29.247540916,-29.248182937640603,-29.248171992424016,-29.247563475,-29.24750447,-29.24817097152175,-29.248161709192395,-29.23283300909068,-29.246537551867,-29.245615791246,-29.245622503525,-29.24778286581,-29.232855262278,-29.237396561769,-29.2374194,-29.23741716,-29.23740798,-29.23740686,-29.237406867936,-29.237399985235,-29.232860025040
-29.14558807675653,-29.146275996256875,-29.213548832826,-29.206246893943504,-29.23159187604555,-29.222603733040284,-29.239942279457072,-29.231280035695526,-29.23927938762608,-29.23637395449869,-29.246546208364848,-29.23793314924044,-29.247562781,-29.247535555,-29.24816563017918,-29.248155298533568,-29.247556267,-29.24750219,-29.24815387428698,-29.248146587321788,-29.232843406726207,-29.246526631582,-29.245608776504,-29.24561500656,-29.247777855313,-29.232864147122,-29.237383426498,-29.23740598,-29.23740378,-29.2373947,-29.23739361,-29.237393613345,-29.237386810406,-29.232871804434
-29.145604381685807,-29.146284458336694,-29.213526049080787,-29.206255314539494,-29.231564828755648,-29.222615303212734,-29.239916763355616,-29.231292124527595,-29.23926744951608,-29.236376335489652,-29.246536160587144,-29.237960588646374,-29.247554566,-29.247529212,-29.248148302399596,-29.24813851747011,-29.247548316,-29.247498608,-29.24813674990669,-29.24813120360592,-29.23285336663439,-29.246513966162,-29.245598427306,-29.245604169704,-29.247749354156,-29.232871786263,-29.237370708686,-29.23739301,-29.23739085,-29.23738186,-29.23738078,-29.237380785479,-29.237374056107,-29.232882013408
-29.14561911264472,-29.146292211870215,-29.213503651293,-29.20626097131316,-29.231538359426352,-29.22262347129845,-29.2398917601413,-29.23130075481315,-29.239255254568512,-29.236376935665724,-29.246525566579063,-29.2379831510958,-29.247545702,-29.247522005,-29.24813098736963,-29.248121691049384,-29.247539711,-29.247493879,-29.24811963136782,-29.248115621061157,-29.232862159146762,-29.246499573714,-29.245586820378,-29.245592308599,-29.247728743278,-29.232878321889,-29.237358408293,-29.23738047,-29.23737834,-29.23736944,-29.23736838,-29.237368383439,-29.237361722013,-29.232890826894
-29.145632410603685,-29.146299303964412,-29.213481648089143,-29.206264163429527,-29.2315124679926,-29.22262860960491,-29.23986727072169,-29.231306305504383,-29.23924285512209,-29.236375959231072,-29.24651450473096,-29.238001699694006,-29.247532261,-29.247514045,-29.248109819755214,-29.24810486060081,-29.247530537,-29.247488144,-29.248102552614352,-29.2480998993338,-29.232870316234646,-29.246485138784,-29.245571566126,-29.245579670914,-29.247729840395,-29.232883881762,-29.237346515682,-29.23736837,-29.23736626,-29.23735744,-29.23735639,-29.237356412552,-29.237349813906,-29.232898402073
-29.14564440511371,-29.146305780395924,-29.213460049933143,-29.206265170014728,-29.231487156698822,-29.22263106411829,-29.239843298590966,-29.231309128300655,-29.23923030203581,-29.236373596282046,-29.24650305024019,-29.23801665283901,-29.247522385,-29.247505436,-29.24809265488012,-29.24808806702172,-29.247516922,-29.247481535,-29.24808171381197,-29.248084095286274,-29.23287686249265,-29.246471367147,-29.2455588992,-29.245567555323,-29.247705386204,-29.232888579615,-29.23733504267,-29.23735669,-29.23735462,-29.23734587,-29.23734483,-29.237344852401,-29.237338311958,-29.232904880406
-29.145655215086748,-29.146311685258617,-29.21343886806835,-29.206264249913495,-29.231462429072888,-29.222631154568596,-29.239819848779472,-29.23130954786676,-29.239217643945487,-29.236370019203562,-29.246491274477016,-29.238028396826927,-29.247512103,-29.247496275,-29.24807560162488,-29.248071349280195,-29.24750688,-29.247474174,-29.248064836919824,-29.248068261635638,-29.23288346079158,-29.246457667788,-29.245546078244,-29.245554023247,-29.247697595785,-29.23289251817,-29.237323977971,-29.23734544,-29.23734339,-29.23733471,-29.23733368,-29.237333706902,-29.237327220426,-29.232910388995
-29.145664949552312,-29.146317060760246,-29.213418114179863,-29.206261642401753,-29.23143828914052,-29.22262917521248,-29.23979692699149,-29.23130786274493,-29.239204926961374,-29.23636538716857,-29.246479244782936,-29.23803728755667,-29.247501486,-29.247486652,-29.248058692859317,-29.248054744654166,-29.247496496,-29.247466171,-29.248048097919465,-29.248052447723804,-29.232887761437688,-29.246443881508,-29.245534502824,-29.245542323662,-29.24768038074,-29.232895788301,-29.237313315638,-29.23733461,-29.23733258,-29.23732396,-29.23732295,-29.237322969555,-29.237316533181,-29.232915040974
-29.145673708359684,-29.146321947070085,-29.21339779946233,-29.20625756703268,-29.231414740876005,-29.22262539542709,-29.239774539025674,-29.231304346045626,-29.23919219400376,-29.23635984906906,-29.2464670237722,-29.238043651029237,-29.247490604,-29.247476649,-29.24804195942396,-29.248038287718988,-29.24748584,-29.247457628,-29.24803152769244,-29.248036698649777,-29.232891971310515,-29.246430244815,-29.245521869351,-29.245529593795,-29.247670783163,-29.232898471318,-29.2373030491,-29.23732418,-29.23732217,-29.23731361,-29.23731261,-29.237312633299,-29.237306243491,-29.232918938520
-29.145681582875127,-29.14632638226184,-29.21337793464112,-29.20625222485188,-29.231391788087336,-29.22262006110208,-29.2397526906246,-29.23129924693813,-29.23917948526448,-29.236353538414075,-29.24645466992472,-29.23804778562939,-29.24747952,-29.247466343,-29.248025430525157,-29.248022010829715,-29.247474974,-29.247448638,-29.2480151555224,-29.24802105609953,-29.232895441031786,-29.246416655385,-29.245509491484,-29.245516860634,-29.247647915987,-29.232900639812,-29.237293171123,-29.23731415,-29.23731216,-29.23730366,-29.23730267,-29.237302690459,-29.237296343978,-29.232922172014
-29.145688656608495,-29.146330402284946,-29.21335852910735,-29.2062457985814,-29.231369433593372,-29.222613395282153,-29.23973138661451,-29.23129279135956,-29.239166837369357,-29.236346568431095,-29.246438059559868,-29.238049962803345,-29.247468291,-29.247455804,-29.24800913273589,-29.248005943410377,-29.247463955,-29.247439286,-29.247999008065168,-29.248005557695148,-29.23289806685696,-29.246403068236,-29.245496922598,-29.245504620681,-29.247640722835,-29.23290235838,-29.237283673814,-29.23730452,-29.23730255,-29.23729409,-29.23729311,-29.237293132745,-29.237286826619,-29.232924822319
-29.145695005823193,-29.146334040973404,-29.21333959092976,-29.20623845363492,-29.231347679270172,-29.222605599557,-29.23971063092383,-29.231285183459114,-29.23915428350441,-29.236339054508854,-29.246425603987426,-29.23805042870695,-29.24745697,-29.247445093,-29.247993089941833,-29.2479901116972,-29.247452838,-29.247429648,-29.24798310935242,-29.247990237040092,-29.23290026764688,-29.246389729983,-29.24548515171,-29.245492308115,-29.247609270357,-29.232903684313,-29.237274548567,-29.23729526,-29.23729331,-29.2372849,-29.23728393,-29.237283951194,-29.237277682692,-29.232926961622
-29.145700700022044,-29.146337330087484,-29.213321127042207,-29.2062303393252,-29.231326526806537,-29.22259685528653,-29.23969042747748,-29.23127660688199,-29.239141853872205,-29.23633109389285,-29.24641316235303,-29.23804940623323,-29.247445605,-29.247434268,-29.247977323719496,-29.247974539217047,-29.247441669,-29.247419792,-29.247967480956287,-29.247975124274408,-29.232901978497484,-29.246376515224,-29.24547348024,-29.245480145253,-29.247601083097,-29.232904668828,-29.237265786659,-29.23728638,-29.23728444,-29.23727608,-29.23727511,-29.237275136761,-29.237268903368,-29.232928654155
-29.145705802805967,-29.14634029934896,-29.21330314208744,-29.206221589476144,-29.23130597344538,-29.222587324983262,-29.2396707752738,-29.231267226182958,-29.239129574795346,-29.23632268876716,-29.24640077168377,-29.23804709608494,-29.247434239,-29.247423379,-29.247961852853948,-29.247959246556626,-29.247430491,-29.247409781,-29.2479521420096,-29.247960245884553,-29.232903272188906,-29.246363498668,-29.245460325921,-29.24546816164,-29.247581267293,-29.232905357378,-29.237257379098,-29.23727786,-29.23727594,-29.23726762,-29.23726666,-29.237266680236,-29.237260479636,-29.232929956880
-29.145710371865803,-29.14634297651986,-29.213285639950048,-29.20621232393315,-29.231286018440343,-29.22257715370534,-29.23965167580496,-29.23125718825573,-29.239117470343196,-29.236314127886025,-29.246388469616615,-29.238043679040345,-29.247422912,-29.247412473,-29.24794669403696,-29.247944251991587,-29.247419344,-29.24739967,-29.24793710923661,-29.247945625544176,-29.2329042426359,-29.246350698642,-29.245447323252,-29.245456289653,-29.247567574556,-29.232905790184,-29.237249316137,-29.23726969,-29.23726778,-29.2372595,-29.23725855,-29.237258571453,-29.237252401504,-29.232930920717
-29.14571445977507,-29.14634538746284,-29.213268622545716,-29.206202649080733,-29.231266658706485,-29.22256647037719,-29.239633128036335,-29.23124662367887,-29.239105561174487,-29.236305376005586,-29.246376287968527,-29.238039316757362,-29.247411657,-29.247401589,-29.247931861145723,-29.247929570619632,-29.247408262,-29.247389508,-29.247922396688832,-29.247931283090384,-29.232904557904497,-29.246337310316,-29.245435978092,-29.245444835376,-29.247556004078,-29.232906002999,-29.237241588305,-29.23726186,-29.23725997,-29.23725173,-29.23725078,-29.237250800775,-29.2372446595,-29.232931590848
-29.145718114330908,-29.14634755621575,-29.2132520907288,-29.206192659600756,-29.231247890230893,-29.22255538946664,-29.239615129961248,-29.23123564841483,-29.23909386554076,-29.236296424476873,-29.246364255134285,-29.238034154111467,-29.247400505,-29.247390765,-29.247917366162465,-29.247915215692185,-29.247397275,-29.24737934,-29.24790801650888,-29.2479172360797,-29.232904714729695,-29.246324594797,-29.245425241948,-29.245433565344,-29.2475437822,-29.23290602773,-29.237233886243,-29.23725406,-29.23725218,-29.23724397,-29.23724303,-29.237243040708,-29.237236927844,-29.232932007256
-29.145721378947503,-29.146349505065775,-29.21323604387,-29.20618243909124,-29.231229707697,-29.2225440117964,-29.23959767822728,-29.231224364637047,-29.239082399042474,-29.236287323131563,-29.246352395992115,-29.238028320265016,-29.247389483,-29.247380032,-29.247903218892247,-29.247901198033453,-29.247386412,-29.247369204,-29.247893978662443,-29.247903499283,-29.23290574660356,-29.246313800564,-29.245412803511,-29.245421428449,-29.247540543109,-29.23290589237,-29.237226791791,-29.23724688,-29.23724501,-29.23723683,-29.2372359,-29.237235908537,-29.237229820885,-29.232932205475
-29.145724293023903,-29.14635125462407,-29.213220480222727,-29.206172061269797,-29.231212105077844,-29.222532426330982,-29.239580768719087,-29.23121286253252,-29.239071175087787,-29.23627612901205,-29.246340732345924,-29.23802193025657,-29.247378615,-29.247369419,-29.247889427281077,-29.24788752650061,-29.247375696,-29.247364293,-29.247880291293647,-29.247895226684005,-29.23290567220965,-29.246301899551,-29.245402460076,-29.245410551065,-29.247506564972,-29.23290562193,-29.237219824314,-29.23723982,-29.23723797,-29.23722982,-29.2372289,-29.237228904267,-29.237222841209,-29.232932217217
-29.14572689227473,-29.146352823900106,-29.213205397209563,-29.206161591083593,-29.23119507560004,-29.222520711245064,-29.239564396508296,-29.231201221380072,-29.239060205217317,-29.236266966722035,-29.24632928336858,-29.23801508652233,-29.247367922,-29.247358949,-29.247875997820888,-29.247874208399114,-29.247365147,-29.247354261,-29.24786696106556,-29.24788208601293,-29.232905577172975,-29.246290318774,-29.245389634019,-29.245399628484,-29.24749925286,-29.232905238293,-29.237213343749,-29.23723327,-29.23723143,-29.23722331,-29.23722238,-29.237222390668,-29.237216349689,-29.232932070300
-29.14572920904287,-29.146354230391456,-29.21319079116436,-29.20615108534559,-29.2311786117344,-29.222508934949882,-29.2395485558449,-29.231189510591825,-29.239049498944937,-29.236259082793552,-29.246318065483806,-29.23800787997281,-29.247357423,-29.247348646,-29.247862935284203,-29.24786124930144,-29.247354786,-29.247344353,-29.24785399294561,-29.24786928611024,-29.232905346297315,-29.246278969775,-29.24537943988,-29.24538889758,-29.247495898409,-29.232904761018,-29.23720714955,-29.237227,-29.23722517,-29.23721708,-29.23721616,-29.237216165466,-29.23721014521,-29.232931789578
-29.145731272589266,-29.146355490146547,-29.213176657665738,-29.206140593716068,-29.231162705309135,-29.222497157095535,-29.23953324026812,-29.231177790720118,-29.23903906412212,-29.23625017688656,-29.24630709279603,-29.23800039101993,-29.247347132,-29.247338527,-29.24785024311394,-29.247848653267663,-29.247344627,-29.247334594,-29.247841390558076,-29.247856833204366,-29.232904959128906,-29.246267930619,-29.245369467367,-29.245378427591,-29.24746986957,-29.232904207058,-29.237201231618,-29.23722102,-29.23721919,-29.23721113,-29.23721021,-29.237210218417,-29.237204217622,-29.232931396791
-29.145733109345834,-29.146356617852017,-29.21316299193324,-29.20613015975951,-29.23114734800959,-29.222485429920756,-29.239518443088382,-29.231166114811625,-29.23902890741053,-29.23624130676756,-29.246296377601983,-29.237992691144385,-29.247337065,-29.24732861,-29.2478379238347,-29.247836423419518,-29.247334685,-29.247325003,-29.247829156604546,-29.24784473231949,-29.2329040315866,-29.246257214875,-29.245360323907,-29.245368864511,-29.247449903708,-29.232903591448,-29.237195563903,-29.23721529,-29.23721347,-29.23720543,-29.23720452,-29.237204523138,-29.237198540767,-29.232930911376
-29.145734743183056,-29.146357626913332,-29.213149788186396,-29.20611982128304,-29.231132530701892,-29.22247379871881,-29.23950415674567,-29.231154528888634,-29.23901903370776,-29.23623257425471,-29.246285929902346,-29.237984843433303,-29.247327232,-29.247318908,-29.247825978491957,-29.247824561588963,-29.247324971,-29.247315597,-29.24781729231899,-29.24783298690675,-29.23290411709677,-29.246246724295,-29.24535003249,-29.245358145792,-29.247460401143,-29.232902927099,-29.23719017267,-29.23720984,-29.23720803,-29.23720001,-29.2371991,-29.237199106225,-29.237193141019,-29.232930350168
-29.145736195608492,-29.14635852951949,-29.213137040576253,-29.20610961087249,-29.231118244394395,-29.22246230252985,-29.23949037373422,-29.231143072644148,-29.239009447171583,-29.236223963984717,-29.246275758430887,-29.237976903406864,-29.247317643,-29.247309434,-29.247814407623213,-29.247813068491524,-29.247315496,-29.247306393,-29.24780579841545,-29.24782159906231,-29.232903540534306,-29.246236355119,-29.245340388086,-29.245348120852,-29.247425610893,-29.232902225865,-29.237185028438,-29.23720464,-29.23720284,-29.23719483,-29.23719393,-29.237193937827,-29.237187988773,-29.232929728104
-29.14573748605724,-29.14635933674125,-29.21312474261304,-29.206099557150463,-29.23110447917903,-29.222450975581246,-29.23947708548788,-29.2311317808786,-29.239000150560976,-29.236215524573144,-29.2462658694898,-29.23796892046329,-29.247308308,-29.247300198,-29.24780321066076,-29.247801944190684,-29.247306268,-29.247297403,-29.24779467454617,-29.247810569952534,-29.23289939439088,-29.246227832891,-29.245334501849,-29.245342326115,-29.247427892083,-29.232901497221,-29.2371801236,-29.23719968,-29.23719788,-29.2371899,-29.237189,-29.237189010266,-29.2371830764,-29.232929058007
-29.145738631828923,-29.146360058592112,-29.21311288785952,-29.206089684488607,-29.23109122629305,-29.222439846738176,-29.23946428472484,-29.231120682976663,-29.238991146026997,-29.236207260135252,-29.246256270076152,-29.237960937731224,-29.247299233,-29.24729121,-29.247792386433087,-29.247791187865097,-29.247297296,-29.247288638,-29.24778391963348,-29.247799899679546,-29.23289939016305,-29.246218349248,-29.24532569304,-29.245333169225,-29.247421346819,-29.232900750261,-29.237175448646,-29.23719496,-29.23719317,-29.2371852,-29.23718431,-29.237184313931,-29.237178394356,-29.232928351647
-29.14573964863544,-29.14636070411552,-29.21310146924377,-29.20608001381876,-29.23107847547912,-29.22242894090614,-29.23945196238424,-29.231109804297528,-29.23898243458304,-29.2361991907734,-29.246246963928776,-29.237952993219032,-29.247290424,-29.247282475,-29.247781933035977,-29.247780798057267,-29.247288584,-29.247280108,-29.247773531978655,-29.247789587764537,-29.2328991136077,-29.246208827845,-29.245317136157,-29.245324363375,-29.247418242592,-29.232899991841,-29.237170990032,-29.23719046,-29.23718867,-29.23718072,-29.23717983,-29.237179835137,-29.23717392905,-29.232927618429
-29.1457405505192,-29.146361281455302,-29.21309047933992,-29.206070562791766,-29.23106621670997,-29.222418279115967,-29.239440109647372,-29.23109916627398,-29.23897401634858,-29.23619132754982,-29.246237954087228,-29.237945119886064,-29.247281885,-29.247274001,-29.247771847782946,-29.24777077235124,-29.247280137,-29.247271819,-29.247763509026424,-29.247779632081688,-29.232900055503578,-29.246199838923,-29.245307197615,-29.245314340294,-29.247405942885,-29.232899228084,-29.2371667464,-29.23718617,-29.23718439,-29.23717646,-29.23717557,-29.237175572538,-29.237169679128,-29.232926867385
-29.14574135006342,-29.14636179792844,-29.213079910696543,-29.206061346298124,-29.231054439950302,-29.222407878975208,-29.239428717618726,-29.231088786868312,-29.23896589092828,-29.236183680251514,-29.2462292427686,-29.23793734659509,-29.24727362,-29.247265792,-29.247762127544327,-29.24776110802162,-29.247271959,-29.247263778,-29.24775384787362,-29.24777003063881,-29.232897805754337,-29.246191293376,-29.245299943415,-29.245307790385,-29.247397215733,-29.23289846487,-29.237162705587,-29.23718209,-29.23718031,-29.2371724,-29.23717151,-29.23717151385,-29.237165632388,-29.232926105313
-29.14574205853484,-29.14636226009718,-29.21306975562556,-29.206052376962372,-29.23104313495517,-29.2223977553492,-29.239417777131905,-29.23107868125498,-29.238958057177488,-29.236176256316504,-29.246220831129605,-29.237929698621432,-29.247265631,-29.24725785,-29.24775276867976,-29.247751801652203,-29.247264053,-29.24725599,-29.2477445449994,-29.24776078051196,-29.23289776000978,-29.246183478958,-29.245292158132,-29.24529959078,-29.247389658664,-29.232897706588,-29.237158858841,-29.2371782,-29.23717643,-29.23716853,-29.23716764,-29.23716765028,-29.237161780052,-29.232925338287
-29.14574268600296,-29.146362673837057,-29.213060006123246,-29.206043664806398,-29.231032291292642,-29.222387920016416,-29.23940727877961,-29.231068861487472,-29.2389505132213,-29.236169061669756,-29.246212719319114,-29.237922197372264,-29.247257919,-29.247250179,-29.247743766891578,-29.24774284926844,-29.24725642,-29.247248459,-29.247735596271554,-29.247751878188527,-29.23289841632284,-29.246175946209,-29.245283140646,-29.245289990084,-29.247388004171,-29.232896957071,-29.237155198033,-29.23717451,-29.23717274,-29.23716485,-29.23716397,-29.237163973544,-29.237158113973,-29.232924572141
-29.145743241468367,-29.14636304439517,-29.21305065407084,-29.206035217924246,-29.231021898509074,-29.22237838246432,-29.23939721307313,-29.231059337291864,-29.238943256729783,-29.236162101696685,-29.246204906761665,-29.237914861296172,-29.247250485,-29.24724278,-29.24773511756837,-29.24773424645379,-29.247249061,-29.247241186,-29.24772699720233,-29.247743319640023,-29.232897115343757,-29.246168060698,-29.245277064141,-29.245283683416,-29.247372553755,-29.232896218898,-29.23715171463,-29.23717099,-29.23716922,-29.23716135,-29.23716047,-29.237160475147,-29.237154625598,-29.232923811228
-29.14574373295812,-29.146363376457114,-29.213041691062408,-29.206027042450444,-29.231011945975304,-29.222369149900544,-29.239387570308352,-29.231050116086983,-29.2389362847032,-29.23615537808172,-29.24619739198259,-29.237907705867052,-29.247243328,-29.247235653,-29.247726815469225,-29.247725988237207,-29.247241975,-29.247234174,-29.247718742730616,-29.24773510036879,-29.232895077942047,-29.246161678531,-29.245271217786,-29.24527767277,-29.247355194095,-29.232895495482,-29.237148401193,-29.23716764,-29.23716588,-29.23715802,-29.23715714,-29.237157147556,-29.237151307467,-29.232923059343
-29.14574416763101,-29.146363674198355,-29.213033108629983,-29.20601914293672,-29.23100242298697,-29.22236022754474,-29.239378340652618,-29.231041203275517,-29.238929593742046,-29.236148893951214,-29.24619017288552,-29.237900744034008,-29.247236448,-29.247228798,-29.247718855094057,-29.24771806925683,-29.247235161,-29.247227423,-29.2477108274761,-29.247727215148394,-29.23289298210137,-29.246152932381,-29.245265345677,-29.245272170292,-29.24732937662,-29.232894788008,-29.237145249815,-29.23716446,-29.2371627,-29.23715486,-29.23715398,-29.237153982819,-29.237148151659,-29.232922319036
-29.14574455185757,-29.146363941340866,-29.21302489786793,-29.20601152216029,-29.2309933185764,-29.22235161865471,-29.239369513976506,-29.23103260228605,-29.238923179767593,-29.23614265008929,-29.24618324649487,-29.237893986241367,-29.247229842,-29.247222213,-29.247711230377327,-29.24771048360463,-29.247228619,-29.247220932,-29.24770324545548,-29.247719658590576,-29.23289214803031,-29.24614615635,-29.245259154643,-29.245265784044,-29.247333496799,-29.232894098299,-29.237142252966,-29.23716144,-29.23715968,-29.23715184,-29.23715097,-29.237150973353,-29.237145150626,-29.232921593694
-29.145744891311946,-29.1463641811952,-29.213017049908235,-29.20600418166755,-29.230984621807888,-29.222343324984124,-29.239361080133847,-29.231024315015524,-29.23891703840425,-29.236136646108783,-29.24617660934472,-29.23788744092007,-29.247223508,-29.247215897,-29.247703934918537,-29.24770322508944,-29.247222345,-29.2472147,-29.247695990439112,-29.247712424837808,-29.232892193522694,-29.246140056363,-29.245251941197,-29.245259243385,-29.247309776023,-29.232893427939,-29.237139403779,-29.23715856,-29.23715681,-29.23714898,-29.23714811,-29.237148112247,-29.237142297486,-29.232920884476
-29.14574519103993,-29.146364396707412,-29.21300955549489,-29.20599712153964,-29.230976321513168,-29.2223353466632,-29.239353028709896,-29.23101634173208,-29.238911164716463,-29.23613088126173,-29.246170257231807,-29.237881114426933,-29.247217443,-29.247209846,-29.24769696190829,-29.247696287028475,-29.247216337,-29.247208726,-29.24768905568788,-29.24770550758848,-29.232891638023307,-29.246134005031,-29.245246294683,-29.245253277871,-29.247317374354,-29.232892777391,-29.237136694881,-29.23715583,-29.23715408,-29.23714626,-29.23714539,-29.237145392085,-29.237139584853,-29.232920193186
-29.145745455520416,-29.14636459049672,-29.213002405278075,-29.20599034074385,-29.23096840638527,-29.22232768242724,-29.23934534911709,-29.23100868128701,-29.238905553387365,-29.23612535344184,-29.24616418541931,-29.23787501133732,-29.247211642,-29.247204057,-29.247690304116656,-29.24768966234025,-29.24721059,-29.247203006,-29.247682434133225,-29.247698900081303,-29.232890981994775,-29.246128164579,-29.245240923659,-29.245247642151,-29.24731812081,-29.232892147551,-29.237134119827,-29.23715323,-29.23715148,-29.23714367,-29.2371428,-29.237142806383,-29.237137006269,-29.232919521389
-29.145745688735925,-29.146364764895072,-29.212995589957,-29.205983837369608,-29.230960865258066,-29.22232032998517,-29.239338030881367,-29.231001331498103,-29.238900198977223,-29.236120060444087,-29.246158388904743,-29.23786913482418,-29.247206102,-29.247198527,-29.24768395431589,-29.24768334396783,-29.247205101,-29.247197537,-29.2476761186316,-29.24769259558885,-29.23289096314237,-29.246123087824,-29.245233919104,-29.245241781161,-29.247324704483,-29.232891538521,-29.237131671914,-29.23715076,-29.23714901,-29.23714121,-29.23714034,-29.237140348404,-29.237134555017,-29.232918869531
-29.145745894217697,-29.146364921972143,-29.21298909970104,-29.205977608223044,-29.230953686565815,-29.22231328569324,-29.239331063096216,-29.230994288827404,-29.238895095362892,-29.236114998747183,-29.24615286185992,-29.237863486325686,-29.247200818,-29.24719325,-29.247677904589487,-29.24767732406441,-29.247199865,-29.247192315,-29.247670101376652,-29.247686586597016,-29.23288692057708,-29.246116021587,-29.245229578007,-29.245238256369,-29.247312763125,-29.232890950909,-29.237129345406,-29.23714841,-29.23714667,-29.23713888,-29.23713801,-29.237138012375,-29.237132225353,-29.232918238494
-29.145746075099527,-29.146365063572617,-29.212982924745695,-29.205971649358688,-29.23094685882561,-29.22230654500005,-29.23932443491475,-29.230987548816728,-29.23889023626692,-29.23611016446953,-29.246147598187125,-29.23785806602765,-29.247195784,-29.247188222,-29.24767214689848,-29.247671594693028,-29.247194876,-29.247187337,-29.247664374448792,-29.2476808654526,-29.232885918594345,-29.246110702809,-29.245224957297,-29.245233471136,-29.247321054477,-29.232890384666,-29.23712713406,-29.23714618,-29.23714444,-29.23713666,-29.23713579,-29.237135792013,-29.237130011017,-29.232917628369
-29.145746234160224,-29.146365191336887,-29.212977055183128,-29.20596595612448,-29.2309403704632,-29.22230010254811,-29.239318135366272,-29.23098110619619,-29.238885615146287,-29.236105553086794,-29.246142591401455,-29.237852873064195,-29.247190994,-29.247183437,-29.24766667300024,-29.247666147686488,-29.247190129,-29.247182596,-29.247658929684516,-29.24767542432099,-29.232888650074397,-29.246107454078,-29.245217944868,-29.245227569441,-29.247322608641,-29.232889839043,-29.237125031667,-29.23714405,-29.23714232,-29.23713454,-29.23713368,-29.237133681085,-29.237127905793,-29.232917039750
-29.1457463738622,-29.146365306721943,-29.212971480998036,-29.205960523120517,-29.23093420983472,-29.222293952137647,-29.239312153374208,-29.230974954851987,-29.23888122514957,-29.236101159674455,-29.246137834599477,-29.23784790542594,-29.247186442,-29.247178889,-29.247661474359,-29.24766097462482,-29.247185619,-29.247178087,-29.247653758620448,-29.247670255050217,-29.232886676828755,-29.246101933294,-29.245214772931,-29.245223810685,-29.247315395272,-29.232889314516,-29.237123033436,-29.23714204,-29.2371403,-29.23713254,-29.23713167,-29.237131674772,-29.237125904882,-29.232916472582
-29.145746496387154,-29.14636572851264,-29.212966192048416,-29.205951623518125,-29.23092836528197,-29.222282628085587,-29.23930647784204,-29.23096296138885,-29.238877059254143,-29.236223361327216,-29.246133320631888,-29.237837002556148,-29.247182123,-29.247174406,-29.247656542290777,-29.247656120105606,-29.247181338,-29.247173487,-29.247648852671436,-29.24766518059693,-29.232886917261258,-29.24609804761,-29.245208449921,-29.245219316012,-29.247314064422,-29.232888810022,-29.237121133426,-29.23714012,-29.23713839,-29.23713063,-29.23712976,-29.237129767105,-29.237124002333,-29.232915926105
-29.145746603666232,-29.146365505400436,-29.212961178317897,-29.20595041336597,-29.23092282529755,-29.222282499525964,-29.239301097789376,-29.23096349839276,-29.23887311035014,-29.236093004869595,-29.24612904216802,-29.237838633701795,-29.247178028,-29.247170478,-29.24765186804344,-29.24765141585589,-29.24717728,-29.247169743,-29.24764420316353,-29.247660698542933,-29.232889060674335,-29.246094528016,-29.245200929595,-29.24521117319,-29.247309587592,-29.232888326137,-29.237119327592,-29.2371383,-29.23713657,-29.23712881,-29.23712795,-29.237127954014,-29.237122194092,-29.232915400789
-29.145746697411397,-29.146365590872424,-29.212956429566237,-29.205945723206625,-29.230917578197634,-29.222277182067387,-29.239296002037687,-29.2309581781696,-29.238869371043428,-29.236089231661705,-29.246124991501464,-29.23783432150634,-29.247174151,-29.247166602,-29.247647442599984,-29.24764701252608,-29.247173438,-29.247165895,-29.24763980117972,-29.24765629415118,-29.232888528054396,-29.246090704938,-29.24519754004,-29.245207375427,-29.247294441813,-29.232887861461,-29.237117610248,-29.23713657,-29.23713484,-29.23712709,-29.23712622,-29.237126229789,-29.237120474467,-29.232914895563
-29.145746779140637,-29.146365668355035,-29.212951935565417,-29.205941266574456,-29.230912612410368,-29.222272126272447,-29.239291179503788,-29.23095311914163,-29.238865833817957,-29.236085652895575,-29.246121160767103,-29.237830218570632,-29.247170485,-29.247162937,-29.247643256884263,-29.247642847917103,-29.247169805,-29.247162254,-29.247635637686596,-29.24765212728988,-29.23288224217472,-29.246084540657,-29.2452004481,-29.245209017854,-29.24731289668,-29.232887415739,-29.237115977092,-29.23713492,-29.23713319,-29.23712545,-29.23712458,-29.237124590109,-29.237118839147,-29.232914410998
-29.145746850195103,-29.14636573866787,-29.21294768620545,-29.205937035801263,-29.230907916506748,-29.222267323492776,-29.239286619220863,-29.23094831273144,-29.238862491146687,-29.23608226196841,-29.246117542032888,-29.23782631930782,-29.247167023,-29.247159474,-29.247639301791352,-29.247638912969546,-29.247166373,-29.247158814,-29.24763170365983,-29.247648189076557,-29.23288757260771,-29.246083507287,-29.245191406939,-29.245200462855,-29.247304561259,-29.232886988975,-29.23711442434,-29.23713335,-29.23713163,-29.23712389,-29.23712303,-29.237123031166,-29.237117284342,-29.232913945690
-29.14574691176247,-29.146365802376444,-29.212943671544167,-29.205932629082614,-29.230903479249005,-29.22226228634916,-29.239282310380624,-29.230943271772997,-29.23885933559162,-29.23607889508325,-29.24611412735293,-29.237822147767535,-29.247163756,-29.247156205,-29.247635568349345,-29.247635198411512,-29.247163136,-29.247155561,-29.247627990186068,-29.2476444671349,-29.23288704343762,-29.246080397979,-29.24518841974,-29.245197165452,-29.247311800725,-29.23288657979,-29.237112947064,-29.23713186,-29.23713014,-29.2371224,-29.23712154,-29.237121548014,-29.237115805117,-29.232913499378
-29.145746964897594,-29.146365860427537,-29.212939881279816,-29.205928833370148,-29.23089928916735,-29.222257971354576,-29.239278241943545,-29.230938952517526,-29.238856359272,-29.23607586245701,-29.246110908346292,-29.23781864585226,-29.247160677,-29.247153125,-29.247632047171287,-29.247631695573016,-29.247160085,-29.247152498,-29.247624487944194,-29.247640959553618,-29.232886575353398,-29.246077361003,-29.24518569191,-29.245194120391,-29.247296459976,-29.232886187927,-29.237111541679,-29.23713044,-29.23712872,-29.23712099,-29.23712013,-29.23712013705,-29.237114397882,-29.232913072062
-29.14574701053431,-29.146365913239794,-29.212936305861568,-29.205925240199026,-29.230895335494097,-29.222253883114558,-29.239274403527254,-29.230934859789127,-29.238853554886663,-29.236072997604747,-29.24610787714383,-29.23781532941442,-29.247157779,-29.247150225,-29.247628729503596,-29.24762839539328,-29.247157213,-29.247149614,-29.247621188193772,-29.24763765403689,-29.232886139278094,-29.246074461506,-29.245183148678,-29.245191268534,-29.247298155125,-29.232885813067,-29.237110204719,-29.23712909,-29.23712737,-29.23711965,-29.23711879,-29.23711879479,-29.237113059165,-29.232912662361
-29.145747049501043,-29.146365961321575,-29.21293293533413,-29.205921841265127,-29.23089160718642,-29.22225001233569,-29.239270784481576,-29.23093098435408,-29.2388509147446,-29.23607029348064,-29.246105025487942,-29.23781219156948,-29.247155053,-29.247147498,-29.247625606125016,-29.247625288739936,-29.247154512,-29.247146901,-29.24761808186636,-29.247634541612346,-29.232885673634,-29.246071823046,-29.245179816026,-29.245188522463,-29.247287543805,-29.232885453726,-29.237108931793,-29.23712781,-29.23712609,-29.23711837,-29.23711751,-29.23711751683,-29.23711178457,-29.232912270014
-29.14574708253412,-29.146366005128165,-29.21292976015688,-29.20591862845605,-29.230888093627364,-29.222246349947504,-29.2392673745334,-29.230927317184925,-29.23884843138113,-29.23606774323341,-29.24610234528232,-29.23780922544377,-29.247152492,-29.247144936,-29.247622668198527,-29.24762236679012,-29.247151975,-29.247144351,-29.24761516010197,-29.24763161353794,-29.232885238557405,-29.246069304541,-29.245177543384,-29.245185955697,-29.247292527722,-29.232885109944,-29.237107720164,-29.23712659,-29.23712487,-29.23711715,-29.23711629,-29.237116300413,-29.237110571353,-29.232911894700
-29.145747110285487,-29.146366045057537,-29.21292677084144,-29.205915593599997,-29.230884784269765,-29.22224288679805,-29.239264163473408,-29.230923849178108,-29.238846097333884,-29.236065339934044,-29.246099828440997,-29.237806424021187,-29.247150089,-29.24714253,-29.24761990685053,-29.247619620759576,-29.247149595,-29.247141956,-29.247612414102285,-29.24762886111318,-29.23288480518356,-29.246066953743,-29.245174534678,-29.245183525319,-29.247288571484,-29.232884781031,-29.237106566548,-29.23712542,-29.23712371,-29.23711599,-29.23711514,-29.237115142245,-29.237109416228,-29.232911534931
-29.14574713333804,-29.146366081471346,-29.21292395811764,-29.20591272855349,-29.23088166892129,-29.222239613844128,-29.239261141444125,-29.230920571334075,-29.238843905310045,-29.236063076710437,-29.246097467045903,-29.23780378019662,-29.247147836,-29.247140275,-29.247617313461166,-29.247617041978568,-29.247147363,-29.247139711,-29.24760983527516,-29.24762627574845,-29.23288441955855,-29.246064692426,-29.245172601845,-29.245181277981,-29.247293967283,-29.232884466046,-29.237105467599,-29.23712431,-29.2371226,-29.23711489,-29.23711403,-29.237114038966,-29.237108315843,-29.232911190746
-29.145747152206855,-29.146366114689457,-29.21292131308356,-29.20591002546432,-29.230878737693768,-29.222236522291134,-29.239258298845375,-29.23091747488973,-29.238841848217124,-29.236060946907752,-29.246095253343466,-29.23780128703268,-29.247145724,-29.247138161,-29.247614879587367,-29.247614622080174,-29.247145272,-29.247137606,-29.247607415233247,-29.247623849148013,-29.232883971601208,-29.246062668562,-29.245170655755,-29.245179082948,-29.24728950601,-29.232884165013,-29.237104421026,-29.23712326,-29.23712154,-29.23711384,-29.23711298,-29.237112988271,-29.237107267903,-29.232910861454
-29.145747167356568,-29.146367072415416,-29.212918826964106,-29.20589803285762,-29.230875980940326,-29.222221198260705,-29.239255626314904,-29.230901655938915,-29.238839919058,-29.236077697268815,-29.246093179681026,-29.237786067260465,-29.247143748,-29.247136063,-29.24761259695235,-29.247612515460297,-29.247143315,-29.247135485,-29.247605145733814,-29.247621696021728,-29.232883604970535,-29.24606068127,-29.245168941767,-29.245177093284,-29.247283145863,-29.232883877138,-29.237103423902,-29.23712225,-29.23712054,-29.23711284,-29.23711198,-29.237111987223,-29.237106269478,-29.232910546110
-29.145747179197933,-29.146367082428895,-29.212916491267208,-29.20589582081996,-29.230873389297862,-29.222218705307668,-29.239253114755776,-29.23089917658673,-29.238838111030137,-29.23607593124348,-29.24609123860821,-29.237784133821506,-29.2471419,-29.247134216,-29.247610457505775,-29.247610383694532,-29.247141485,-29.247133647,-29.24760301876717,-29.24761956112064,-29.232883108836205,-29.246058965067,-29.245167101175,-29.245175082683,-29.247279501813,-29.232883600874,-29.23710247268,-29.23712129,-29.23711958,-29.23711188,-29.23711103,-29.237111032263,-29.237105317016,-29.232910244739
-29.145747188101808,-29.14636708873824,-29.212914297703907,-29.205893805504505,-29.23087095367725,-29.22221643806509,-29.23925075532893,-29.230896922006536,-29.23883641745713,-29.236074301857307,-29.246089422801788,-29.237782398375103,-29.247140173,-29.24713249,-29.247608453350374,-29.24760838662896,-29.247139776,-29.247131929,-29.24760102648277,-29.247617560674247,-29.232882717280702,-29.2460572537,-29.24516551776,-29.245173285115,-29.247263837819,-29.232883337172,-29.237101566399,-29.23712038,-29.23711867,-29.23711097,-29.23711012,-29.23711012242,-29.237104409554,-29.232909956543
-29.14574719439962,-29.146367092658103,-29.212912238266966,-29.20589191568527,-29.230868665307128,-29.22221431002381,-29.23924853949896,-29.23089480601488,-29.238834831866853,-29.23607277584181,-29.246087725152616,-29.237780777160182,-29.24713856,-29.247130878,-29.24760657686132,-29.247606516980994,-29.247138179,-29.247130325,-29.24759916127512,-29.247615687499685,-29.232882361085743,-29.246055625903,-29.245162814067,-29.245171620507,-29.247268800302,-29.232883084693,-29.237100701943,-29.23711951,-29.2371178,-29.2371101,-29.23710925,-29.23710925457,-29.237103543973,-29.232909679977
-29.145747198392215,-29.146367094471703,-29.21291030539737,-29.20589014416123,-29.230866515854576,-29.22221231318875,-29.239246459147207,-29.230892820667368,-29.238833348144176,-29.236071347727943,-29.24608613891916,-29.237779263566846,-29.247137054,-29.247129373,-29.24760482078073,-29.247604767416888,-29.247136689,-29.247128827,-29.24759741593241,-29.247613934298876,-29.232881800195372,-29.246054263341,-29.245161157238,-29.245169868941,-29.24726553989,-29.232882842634,-29.237099876848,-29.23711867,-29.23711696,-29.23710928,-29.23710842,-29.237108426238,-29.237102717805,-29.232909415987
-29.14574720034595,-29.146367093532437,-29.212908491648705,-29.20588854947527,-29.230864497184875,-29.222210520258695,-29.2392445063464,-29.230891038509657,-29.238831960227046,-29.236070038293136,-29.246084657433467,-29.237777930256083,-29.247135649,-29.24712797,-29.24760317797253,-29.247603130639696,-29.247135299,-29.24712743,-29.24759578333998,-29.247612293848658,-29.232881332797888,-29.246052909395,-29.245159726277,-29.245168297117,-29.247279217887,-29.232882610974,-29.237099089505,-29.23711788,-29.23711617,-29.23710848,-29.23710763,-29.237107635807,-29.237101929437,-29.232909163237
-29.145747200505184,-29.146367091874808,-29.212906789942434,-29.205886994412143,-29.230862601563743,-29.222208763678545,-29.23924267355151,-29.23088929243708,-29.238830662354903,-29.236068789064024,-29.246083274337646,-29.23777661344236,-29.24713434,-29.247126661,-29.24760164163173,-29.247601600260065,-29.247134004,-29.247126128,-29.24759425672117,-29.24761075972804,-29.23288083505876,-29.246051654394,-29.245158316557,-29.245166790362,-29.247266468495,,,,,,,,,-29.232908920918
-29.14574719908973,-29.146367089635895,-29.212905193525465,-29.205885471741087,-29.23086082159112,-29.222207035318064,-29.239240953539426,-29.23088757431348,-29.238829449022333,-29.236067694572355,-29.246081983553008,-29.23777530611327,-29.247133119,-29.247125442,-29.247600205247583,-29.247600169753493,-29.247132797,-29.247124913,-29.24759282960065,-29.247609325387316,-29.23288032443933,-29.24605047732,-29.245156952212,-29.245165358759,-29.247259909997,,,,,,,,,-29.232908689014
