PBE0,wB97M-V,wB97M-D4rev,wB97X-V,wB97X-D4rev,M062X,B3LYP,BHandHLYP,TPSS0,TPSSh,wr2scan,r2scan0,r2scanh,r2scan,B97M-V,PBE,TPSS,BLYP,VWN3
-24.6502788399416737,-24.6965174564596843,-24.7310428068550401,-24.6858260454967819,-24.7203575490582530,-24.7071305879039365,-24.7133409725168569,-24.7127813131276106,-24.7167743729325800,-24.7256382374132393,-24.6772726658831125,-24.6737629263958773,-24.6733064390610615,-24.6730677668677565,-24.7389583902807466,-24.6441032804525726,-24.7316450509453922,-24.7196838749018859,-24.4833712516299293
-25.8137067753868159,-25.8599034032727850,-25.8943666051909922,-25.8502773210062102,-25.8847480768177682,-25.8693561733813731,-25.8752431187190801,-25.8758180340921875,-25.8796023876484291,-25.8880304277635780,-25.8398872932055603,-25.8385406717617094,-25.8381773242772290,-25.8379955303559292,-25.9069355174668559,-25.8070265097247251,-25.8937434444557972,-25.8814784986406856,-25.6401292269190471
-26.6171968379251389,-26.6632718048170823,-26.6976787779113884,-26.6546561463677101,-26.6890718817810573,-26.6721344421796225,-26.6772720147028117,-26.6786712984401113,-26.6819797531746055,-26.6899258517140119,-26.6421902862791775,-26.6425747917214899,-26.6422079543201598,-26.6420205818084561,-26.7128703832438639,-26.6101461526691132,-26.6953174424194764,-26.6833670978323489,-26.4389319808208647
-27.1821992361342275,-27.2280113208707881,-27.2623691267807793,-27.2205749691898085,-27.2549429892267874,-27.2375490012327184,-27.2407116145636969,-27.2427020195566634,-27.2457431652361031,-27.2532420659823948,-27.2065314589746485,-27.2082086367337546,-27.2078932234002160,-27.2077385927023307,-27.2793228205655680,-27.1749007557198858,-27.2583364105311183,-27.2467057713507721,-27.0000950445019150
-27.5872017782237613,-27.6330570283060801,-27.6673728580958773,-27.6266400661093137,-27.6609679276870004,-27.6428373295343484,-27.6446039710198086,-27.6468854716311476,-27.6492031450804738,-27.6563197417969526,-27.6109297749971923,-27.6135980658058138,-27.6134299640523331,-27.6133720013612738,-27.6847811509393402,-27.5798618644374294,-27.6611601136206708,-27.6506910850178720,-27.4017641580107671
-27.8841786951978889,-27.9300429447945753,-27.9643255979160728,-27.9247368666307025,-27.9590333537016740,-27.9400946680105555,-27.9404500645102836,-27.9428830899675624,-27.9449176902608194,-27.9517675182251928,-27.9071339703184655,-27.9106151540647964,-27.9105820444608845,-27.9106136114196950,-27.9817726497621848,-27.8768905635562696,-27.9564298355195113,-27.9467050763808125,-27.6953945020693162
-28.1073944313819766,-28.1532909707361654,-28.1875478565061499,-28.1491488753021244,-28.1834215777430970,-28.1634344832547043,-28.1624902924776848,-28.1650740922534837,-28.1673764216971847,-28.1740387345530365,-28.1295507759547689,-28.1337294578528798,-28.1337853167805676,-28.1338748981014675,-28.2049095584352933,-28.1001084564330625,-28.1785750380466737,-28.1688746811645956,-27.9152770965492323
-27.9123097079648659,-28.3258521497709985,-28.3600896071699609,-28.3229258188181419,-28.3571814221620926,-28.3360389526265735,-28.3338585914848196,-28.3366555597654184,-28.3396225848755350,-28.3461409420983657,-28.3014845688337786,-28.3062477581268226,-28.3063532033466885,-28.3064967488627275,-28.3773201368321217,-28.2725609080406812,-28.3505793205107253,-28.3402871160318739,-28.0845682882513898
-28.0845401330630366,-28.4633844235658842,-28.4976091208656896,-28.4616420172986224,-28.4958871020856250,-28.4733597367220455,-28.4702910653211418,-28.4733563378763321,-28.4771227054442946,-28.4835160751645446,-28.4384922149349890,-28.4437331829208127,-28.4438937107422163,-28.4440447118047075,-28.5147689680737848,-28.4098468969466751,-28.4878718183916888,-28.4766747245610503,-28.2190201309392563
-28.2324279709248529,-28.2808055895166781,-28.3148533177522737,-28.2746682328451797,-28.3087460868362690,-28.2950649538298897,-28.2776416605051502,-28.2789718587747352,-28.2926141770541228,-28.3001395186497042,-28.2457056909443871,-28.2542426408952814,-28.5568994260983651,-28.5570544942285416,-28.6277882120798175,-28.5227061553531591,-28.3052813092393514,-28.5886371320114172,-28.0222910931503755
-28.3627301077857084,-28.4112404665329734,-28.4452719209449683,-28.4040382640358615,-28.4380983975173365,-28.4259106164181503,-28.4085551243921088,-28.4084949280118906,-28.4221700595283693,-28.4302247331476821,-28.3750465776232446,-28.3835596917293742,-28.6525331246710948,-28.6526441411866415,-28.7235229570252564,-28.3580578316690790,-28.4357271216600154,-28.6833685079231060,-28.1538591967382672
-28.4793650947193271,-28.5278263567810413,-28.5618475547675246,-28.5196441592043577,-28.5536922219394214,-28.5425326806983222,-28.5258722488317957,-28.5246716007671495,-28.5382926171966318,-28.5468055388832482,-28.4906065961196475,-28.4993192916136096,-28.4995820626981313,-28.4998389151961931,-28.5728661794421868,-28.4755965860350173,-28.5526160568276453,-28.5361909105912304,-28.2716474029887905
-28.5842796305659235,-28.6324729351152669,-28.6664922151241370,-28.6235916455311319,-28.6576363256220503,-28.6468149743446148,-28.6313646129981549,-28.6293648082313581,-28.6429037866822256,-28.6517456477230326,-28.5944093158739037,-28.6035566236056056,-28.6039539638754547,-28.6043018056655640,-28.6772193278354628,-28.5811269069472473,-28.6577734545061205,-28.6422209273736357,-28.3773309958884283
-28.6784097517427270,-28.7261401213936125,-28.7601630771727201,-28.7169046335908646,-28.7509520800874725,-28.7401124377891932,-28.7259031761742705,-28.7234377349018217,-28.7368837795580916,-28.7459189012757363,-28.6876249098876315,-28.6974223751626809,-28.6979244187264015,-28.6983434571995204,-28.7713454665772943,-28.6755976852638028,-28.7520717902823648,-28.7370595166046954,-28.4717867738183585
-28.7623573714606735,-28.8094412137597438,-28.8434723706480582,-28.8002040650677351,-28.8342592666448851,-28.8232426530108157,-28.8100556957234559,-28.8073990351953597,-28.8208027217784846,-28.8299143409955079,-28.7708496498048802,-28.7814760596869021,-28.7820784414425361,-28.7825669724084037,-28.8558357774802943,-28.7596586536551229,-28.8361143952269572,-28.8213222573831018,-28.5556538956793133
-28.8366687383610660,-28.8829601796258970,-28.9170013279284923,-28.8740264730804306,-28.9080915356946413,-28.8968147237893511,-28.8843944093044662,-28.8817489785825181,-28.8951876729654593,-28.9042931664198370,-28.8446100681585413,-28.8561826442249192,-28.8568959418956972,-28.8574604022833050,-28.9310844545683850,-28.8339158739545134,-28.9104861309530285,-28.8956337114692126,-28.6295797464064172
-28.9019751132288292,-28.9473969178432178,-28.9814484933573056,-28.9389760348861778,-28.9730515121312564,-28.9612204566045861,-28.9495960756704278,-28.9470966090789545,-28.9606454854528792,-28.9696922636502237,-28.9094337917032291,-28.9219947993970337,-28.9228182158708265,-28.9234575136772705,-28.9974838217362496,-28.8990562689314956,-28.9758440752672541,-28.9607173783796412,-28.6943060066956477
-28.9590001859213189,-29.0035213379933730,-29.0375826485689004,-28.9957456104386360,-29.0298308060370687,-29.0171625551271148,-29.0064198326871860,-29.0041506223821912,-29.0178862248549194,-29.0268449722690605,-28.9660393116948924,-28.9795774811131110,-28.9805024474042838,-28.9812101120028771,-29.0554920847831291,-28.9558465155839500,-29.0329367984409288,-29.0173670845971401,-28.7506366944296730
-29.0085080671669537,-29.0521435643317467,-29.0862130297113382,-29.0450847178833733,-29.0791780833879159,-29.0656113891129806,-29.0556712304470182,-29.0536812864023659,-29.0676302338017152,-29.0764814417713922,-29.0151617965225554,-29.0296366982042358,-29.0306502103093891,-29.0314172776986013,-29.1058029906288311,-29.0050801430819689,-29.0825009568405193,-29.0664124976172857,-28.7994066996348792
-29.0512961972039747,-29.0940725343039155,-29.1281489466978059,-29.0877720245441580,-29.1218722971123327,-29.1074490349787141,-29.0981602326654993,-29.0964733906433324,-29.1106768273622265,-29.1194139175211077,-29.0576425426432152,-29.0729945855411316,-29.0740787337894062,-29.0748931126344772,-29.1491928843658812,-29.0475751386869021,-29.1253574153702957,-29.1086799168677217,-28.8414488698411660
-29.0881361599834385,-29.1301026860390735,-29.1641844219794812,-29.1245639137032093,-29.1586695122805146,-29.1432691578158831,-29.1346707383368191,-29.1332944453332807,-29.1477848491091898,-29.1564061604833533,-29.0941767879788635,-29.1103397715718479,-29.1114814777416235,-29.1123345229611026,-29.1864668460795791,-29.0841175106153038,-29.1622730384775046,-29.1449652527006329,-28.8775512816751281
-29.1197385572697378,-29.1609391884978812,-29.1950246002508571,-29.1561686700072258,-29.1902779557881225,-29.1741199082427620,-29.1659334216605366,-29.1648657911631126,-29.1796438601856600,-29.1881488473688115,-29.1255213679752565,-29.1424222409140405,-29.1436029545987516,-29.1444822803758008,-29.2183460740748515,-29.1154259840589980,-29.1939393420812117,-29.1760059838076948,-28.9084440500420179
-29.1467710383087031,-29.1872632738760238,-29.2213513188975860,-29.1832422829286244,-29.2173542111501341,-29.2005883385739899,-29.1926172512139566,-29.1918501946486337,-29.2069316856222763,-29.2153247493291168,-29.1523353215886765,-29.1699005355243237,-29.1711067142631713,-29.1720036618927132,-29.2454903692779382,-29.1421733924244428,-29.2210423537854318,-29.2024752714065237,-28.9347957488783969
-29.1698278531836230,-29.2096748834113988,-29.2437646895442391,-29.2063756654873714,-29.2404893908162755,-29.2232583036608595,-29.2153238202071570,-29.2148468187587618,-29.2302322192365089,-29.2385170178909881,-29.1751946385485788,-29.1933575572205761,-29.1945802061063624,-29.1954890694441893,-29.2685557742569600,-29.1649566870638459,-29.2441646419468348,-29.2249770644644222,-28.9572006628782539
-29.1894295071986356,-29.2286961335775644,-29.2627868279435610,-29.2260900129002437,-29.2602046533973983,-29.2425721177245173,-29.2345820505566216,-29.2343856179728228,-29.2500563757183336,-29.2582345710356329,-29.1946326169974419,-29.2133298356838189,-29.2145589889493742,-29.2154733002558409,-29.2881137405125180,-29.1842953166181509,-29.2638138695606109,-29.2440395537877826,-28.9761821895804594
-29.2060487224164298,-29.2448092424273405,-29.2789002647044079,-29.2428516413154505,-29.2769666088805920,-29.2589628173961884,-29.2508605206869916,-29.2509357453474692,-29.2668853779268829,-29.2749594710344567,-29.2111156141447452,-29.2302846444524320,-29.2315111314597971,-29.2324251620554350,-29.3046506309205199,-29.2006612430534034,-29.2804726331239422,-29.2601306140734962,-28.9922053959588126
-29.2200960207576692,-29.2584324044068183,-29.2925235925928966,-29.2570700335164986,-29.2911851487185402,-29.2726544477740518,-29.2645740320017538,-29.2649127205332746,-29.2811216297676182,-29.2890919229011786,-29.2250440698482308,-29.2446255380906095,-29.2458414012722514,-29.2467502390232070,-29.3186093282529470,-29.2144650039251772,-29.2945396168309742,-29.2736650015919864,-29.0056777558550536
-29.2319208410593170,-29.2699145059804451,-29.3040058126429734,-29.2690961403699959,-29.3032113134976662,-29.2842063149082499,-29.2760790154665749,-29.2766760016911611,-29.2931083521192726,-29.3009726984175494,-29.2367867182258117,-29.2567259789965526,-29.2579231099378738,-29.2588215860624352,-29.3303739157348460,-29.2260534651245187,-29.3063540026792246,-29.2849970473515064,-29.0169505320109700
-29.2418356285049725,-29.2795714271193930,-29.3136628485340935,-29.2792393504640707,-29.3133545203102770,-29.2939093675248969,-29.2856837923151403,-29.2865367034809125,-29.3031697152284210,-29.3109265958070608,-29.2466527309775586,-29.2668956162869520,-29.2680651631447404,-29.2689477209750279,-29.3402667753447375,-29.2357362431508534,-29.3162410166782195,-29.2944326283479555,-29.0263298927239717
-29.2501145539512137,-29.2876816251207615,-29.3217733712640012,-29.2877720604067804,-29.3218873716142383,-29.3018866438953793,-29.2936622719052409,-29.2947697786443797,-29.3115798223900299,-29.3192267205718267,-29.2549037885912568,-29.2753980192366967,-29.2765317317992100,-29.2773930452571349,-29.3485734495372306,-29.2437870220321088,-29.3244729670637696,-29.3022450278875937,-29.0340850781066351
-29.2569874464745538,-29.2944730704299587,-29.3285655153645521,-29.2949256625292911,-29.3290414315640575,-29.3085052852473922,-29.3002517547343331,-29.3016142182198749,-29.3185588756671862,-29.3260907234573267,-29.2617797464462726,-29.2824783897019856,-29.2835700023260728,-29.2844060613302872,-29.3555406260591063,-29.2504346302007718,-29.3312657544440967,-29.3086705469860647,-29.0404488049536056
-29.2626541702540273,-29.3001401446313920,-29.3342337432625975,-29.3008991567961594,-29.3350157609202817,-29.3140731343467529,-29.3056526021724331,-29.3072730198534934,-29.3243120943487519,-29.3317234435574470,-29.2674900858345488,-29.2883480195318917,-29.2893903868789032,-29.2901966135860370,-29.3613688317093384,-29.2558762816542419,-29.3368239283013672,-29.3139072490565447,-29.0456201616366521
-29.2672930764043855,-29.3048580482808845,-29.3389532623818425,-29.3058685904282150,-29.3399864020953416,-29.3185850190326320,-29.3100393624878137,-29.3119222625461049,-29.3290284574689153,-29.3363145009866813,-29.2721923518172034,-29.2931680480127525,-29.2941552414767017,-29.2949276925409521,-29.3662293618161740,-29.2602887885713443,-29.3413372974110445,-29.3181281968684786,-29.0497720042675240
-29.2710562555759211,-29.3087790474967598,-29.3428764107629334,-29.3099852505442122,-29.3441047064014242,-29.3221997775916918,-29.3135673633440987,-29.3157176734513669,-29.3328564785051213,-29.3400114746547445,-29.2760370640752612,-29.2970879523427712,-29.2980129421601561,-29.2987469935903206,-29.3702621412428329,-29.2638242917274383,-29.3449525662926263,-29.3214884687763444,-29.0530562520676838
-29.2740723295022285,-29.3120229937188732,-29.3461231615914961,-29.3133774566771095,-29.3474991146485173,-29.3251504179560349,-29.3163701586133563,-29.3187934644701933,-29.3359219640381674,-29.3429396930644053,-29.2791670720815027,-29.3002542039871052,-29.3011116066755726,-29.3018037600424286,-29.3735886764240846,-29.2666109054295625,-29.3477945614448039,-29.3241210456549730,-29.0556046376911929
-29.2764546044197509,-29.3146940924911235,-29.3487977307785748,-29.3161565043080437,-29.3502809153886126,-29.3275315149561813,-29.3185602404615473,-29.3212628973856972,-29.3383459046253812,-29.3452213417389594,-29.2816958159429710,-29.3027818787582710,-29.3035661639171998,-29.3042128639223698,-29.3763090957195807,-29.2687607625775463,-29.3499861214743056,-29.3261374246877686,-29.0575295297024887
-29.2783034330350951,-29.3168871528801773,-29.3509949343679288,-29.3184198712725070,-29.3525475797506878,-29.3293629719547759,-29.3202354755775936,-29.3232237746893141,-29.3402367969776954,-29.3469664515362290,-29.2837105828029003,-29.3047593381011247,-29.3054643906299042,-29.3060615720064455,-29.3785067336278480,-29.2703739471894231,-29.3516380388747073,-29.3276352257522284,-29.0589275550443880
-29.2797035718650029,-29.3186838042193045,-29.3527964112005399,-29.3202503129006224,-29.3543818732685544,-29.3307334025754010,-29.3214827349030465,-29.3247622247196595,-29.3416774887741560,-29.3482583365088949,-29.2852972878906606,-29.3062717052912625,-29.3068902780056781,-29.3074331254843408,-29.3802488182543158,-29.2715359407699545,-29.3528338232831452,-29.3287019004000662,-29.0598832595841081
-29.2807273505284797,-29.3201466219648736,-29.3542647478294185,-29.3217185245967400,-29.3558545167429656,-29.3317711003917054,-29.3223772571620600,-29.3259525885687822,-29.3427386874423703,-29.3491684017931291,-29.2865362891597982,-29.3074034961328280,-29.3079303794139392,-29.3084154401621291,-29.3816012974665526,-29.2723197210547497,-29.3536453383573601,-29.3294133673401873,-29.0604707596109080
-29.2814386478332516,-29.3213303112369772,-29.3554547222417277,-29.3228859989194390,-29.3570270818580177,-29.3325406496972541,-29.3229825684540550,-29.3268573247932558,-29.3434885285249258,-29.3497665093269511,-29.2874945681156085,-29.3082235816983179,-29.3086540820871484,-29.3090782544337181,-29.3826216484440259,-29.2727895404462579,-29.3541436644722715,-29.3298337460849616,-29.0607536979658967
-29.2818938307920043,-29.3222848741380737,-29.3564163235268971,-29.3238063155450241,-29.3579531542206276,-29.3330560632093658,-29.3233527057555357,-29.3275290713905399,-29.3439891840018028,-29.3501167563308378,-29.2882142975720008,-29.3087764040401062,-29.3091061794294951,-29.3094664932472462,-29.3833591409317272,-29.2730024098446755,-29.3543941970981130,-29.3300178946671828,-29.0607858515304365
-29.2821400372482330,-29.3230530678990391,-29.3571922610080378,-29.3245239454326949,-29.3586771842412375,-29.3333737638327463,-29.3235343859558029,-29.3280130030403967,-29.3442872244273474,-29.3502664650169365,-29.2887414334549732,-29.3091077361660624,-29.3093315191219546,-29.3096243647696895,-29.3838522847323063,-29.2730064962413081,-29.3544448205363366,-29.3300135986070316,-29.0606130086502077
-29.2822159522209304,-29.3236673760758926,-29.3578149827617594,-29.3250756307840383,-29.3592359192042522,-29.3335655855868538,-29.3235674071482748,-29.3283475391013084,-29.3444187244684969,-29.3502521064777113,-29.2891180997606284,-29.3092627710173659,-29.3093763124677338,-29.3095987615301610,-29.3841380474457559,-29.2728413955046847,-29.3543323286861266,-29.3298616120310740,-29.0602748043741528
-29.2821550389531353,-29.3241537812809447,-29.3583104516935265,-29.3254926946273322,-29.3596606900613750,-29.3337127803168300,-29.3234850534307370,-29.3285646124024808,-29.3444175347746850,-29.3501083643506959,-29.2893816542543632,-29.3092836111800139,-29.3092841637191555,-29.3094342032335646,-29.3842523351081937,-29.2725412144456598,-29.3540920824655345,-29.3295959862712650,-29.0598056993767742
-29.2819867682084158,-29.3245356721417565,-29.3587020396229015,-29.3258025237077327,-29.3599788956487480,-29.3338225314781944,-29.3233150647737411,-29.3286904163199047,-29.3443156918449084,-29.3498683928479558,-29.2895499850757055,-29.3091927078543115,-29.3090787963563706,-29.3091551665946035,-29.3842298105340198,-29.2721361043701798,-29.3537580440308510,-29.3292452248526310,-29.0592351876979968
-29.2817364881740190,-29.3248329999680521,-29.3590097153834506,-29.3260279074276191,-29.3602133675213324,-29.3338974759271238,-29.3230805447453591,-29.3287464584489896,-29.3441394434623604,-29.3495590544954510,-29.2896421837405114,-29.3090116311948776,-29.3087815657309960,-29.3087827342277762,-29.3841005876585939,-29.2716522658462068,-29.3533574804000210,-29.3288332550991271,-29.0585878143730696
-29.2814239620930827,-29.3250624316285204,-29.3592501092963865,-29.3261864943099511,-29.3603817380419763,-29.3339271252553040,-29.3228004136764646,-29.3287503196847474,-29.3439063028243048,-29.3491979164946635,-29.2896771599130226,-29.3087618481993495,-29.3084139396158569,-29.3083383135666260,-29.3838855677810606,-29.2711103104707568,-29.3529080124482711,-29.3283797303142997,-29.0578837797954783
-29.2810648426869058,-29.3252357545225344,-29.3594349516201198,-29.3262922056870075,-29.3604978882759475,-29.3339166762116044,-29.3224896959528074,-29.3287160424592308,-29.3436304345488104,-29.3487992280539522,-29.2896690947496943,-29.3084628082979712,-29.3079968709853809,-29.3078438016434326,-29.3836057709329381,-29.2705264581959277,-29.3524240098045688,-29.3279001780389770,-29.0571399373603860
-29.2806723223445644,-29.3253620830375468,-29.3595733231212535,-29.3263564420189944,-29.3605731909108272,-29.3338722456582346,-29.3221603243182045,-29.3286547250672172,-29.3433243957229379,-29.3483756269755034,-29.2896298287710337,-29.3081309743420135,-29.3075480415253438,-29.3073176287019521,-29.3832863266835531,-29.2699143183245170,-29.3519181995353051,-29.3274069134259108,-29.0563706105028032
-29.2802579072563489,-29.3254495943025901,-29.3596733735583939,-29.3263891309731477,-29.3606175477030931,-29.3337883174939549,-29.3218219485283313,-29.3285751146756368,-29.3429992586380735,-29.3479381565632806,-29.2895620308952687,-29.3077728599475904,-29.3070750138173111,-29.3067679848838409,-29.3829533005968706,-29.2692858815396448,-29.3514016309581578,-29.3269100083826117,-29.0555879766319478
-29.2798318111722615,-29.3255065790360305,-29.3597433713176734,-29.3263986959525234,-29.3606393516163102,-29.3336794055296899,-29.3214825584358216,-29.3284842259687117,-29.3426646808300156,-29.3474965263425993,-29.2894729866728945,-29.3073974558124597,-29.3065867356496774,-29.3062037165209723,-29.3826218315032541,-29.2686520405958142,-29.3508840625324474,-29.3264179924869417,-29.0548022360677720
-29.2794018513419374,-29.3255410317651126,-29.3597913054511181,-29.3263912934861537,-29.3606447446213608,-29.3335483780830586,-29.3211484743644348,-29.3283875610792322,-29.3423271298773045,-29.3470572670805652,-29.2893683485410889,-29.3070125323981898,-29.3060913297417827,-29.3056331557805336,-29.3822931866278552,-29.2680213314534328,-29.3503721112472604,-29.3259377077438828,-29.0540215677370384
-29.2789735678868723,-29.3255582454312744,-29.3598224663789651,-29.3263711828777609,-29.3606379846119339,-29.3334011901024923,-29.3208240879554083,-29.3282890465166162,-29.3419903798335397,-29.3466240073001714,-29.2892516734139718,-29.3066245329226476,-29.3055961302744805,-29.3050642460392297,-29.3819710782470800,-29.2673997582359746,-29.3498693761892113,-29.3254738564505644,-29.0532522225713237
-29.2785512293649006,-29.3255609986938168,-29.3598395916673454,-29.3263413777507793,-29.3606220380339309,-29.3332486368528649,-29.3205122194071635,-29.3281913465361299,-29.3416568296073166,-29.3461987367777439,-29.2891272523886670,-29.3062405304406965,-29.3051092072659500,-29.3045057575431187,-29.3816653752813650,-29.2667918170908834,-29.3493776182871855,-29.3250294014971260,-29.0524989395099986
-29.2781380853965878,-29.3255515100068571,-29.3598448569802066,-29.3263042541656205,-29.3605992321626950,-29.3330838381831960,-29.3202146976864277,-29.3280962686147113,-29.3413284631837890,-29.3457830481689577,-29.2889942281986855,-29.3058614555153305,-29.3046321715907219,-29.3039598095943354,-29.3813822087837053,-29.2662008983665949,-29.3488982238398854,-29.3246062053796983,-29.0517654390887046
-29.2777369805975312,-29.3255319389812179,-29.3598403816284588,-29.3262620880605738,-29.3605718013153236,-29.3329134869118278,-29.3199327907420297,-29.3280050656396014,-29.3410077959253570,-29.3453793347655818,-29.2888545609410187,-29.3054890597359012,-29.3041667707125342,-29.3034282215604023,-29.3811196037127615,-29.2656299980376851,-29.3484335483129186,-29.3242055813145654,-29.0510547048711487
-29.2773504333614163,-29.3255050008578237,-29.3598288388429296,-29.3262168799873777,-29.3605417060649714,-29.3327391608188002,-29.3196674833554169,-29.3279187016787724,-29.3406976707181570,-29.3449906053540985,-29.2887115947614163,-29.3051262118552387,-29.3037156482620418,-29.3029135850105753,-29.3808705193559305,-29.2650818683594522,-29.3479867556046976,-29.3238286037255129,-29.0503690811767967
-29.2769801269494394,-29.3254733630120938,-29.3598128509921494,-29.3261699796897304,-29.3605102542082790,-29.3325622318335419,-29.3194194636531691,-29.3278378988268287,-29.3403990912857751,-29.3446178476399169,-29.2885672706166247,-29.3047748082834190,-29.3032807045563715,-29.3024179077860794,-29.3806336867774540,-29.2645584327484016,-29.3475588693040592,-29.3234760408100996,-29.0497103487126438
-29.2766270629750451,-29.3254386029372007,-29.3597939585132011,-29.3261221355097028,-29.3604781538606900,-29.3323856114331072,-29.3191889079621610,-29.3277629996842819,-29.3401116513353521,-29.3442603229441197,-29.2884232814295729,-29.3044368957694736,-29.3028641885565158,-29.3019436615636124,-29.3804159600339077,-29.2640607824311374,-29.3471489762362800,-29.3231480500303938,-29.0490796995489724
-29.2762918434944233,-29.3254014596954384,-29.3597728952621324,-29.3260735562613313,-29.3604455949702654,-29.3322122151263187,-29.3189754710650128,-29.3276939956388745,-29.3398354862801725,-29.3439179018949652,-29.2882819669738623,-29.3041151922716772,-29.3024690351910628,-29.3014939990217833,-29.3802231091966526,-29.2635894556385630,-29.3467567959316256,-29.3228441495738004,-29.0484776669201459
-29.2759744987595170,-29.3253622738963955,-29.3597499810512126,-29.3260241788752012,-29.3604124840048861,-29.3320354758429112,-29.3187784262475333,-29.3276306345243434,-29.3395709964321121,-29.3435908202431825,-29.2881419722026450,-29.3038083304777963,-29.3020940522814115,-29.3010679149463478,-29.3800550114069843,-29.2631443074454971,-29.3463825157109319,-29.3225633812453133,-29.0479042256329656
-29.2756747629502136,-29.3253209027590422,-29.3597250312679066,-29.3259741544344372,-29.3603789274392284,-29.3318610617723685,-29.3185968238630110,-29.3275725012376540,-29.3393186102265133,-29.3432795175570931,-29.2880045285452972,-29.3035159918383776,-29.3017385732611224,-29.3006645835541946,-29.3799071103313629,-29.2627248142854093,-29.3460265635769026,-29.3223045060634249,-29.0473590211301520
-29.2753924044597298,-29.3252772664619208,-29.3596979232218445,-29.3259239879864779,-29.3603453890840029,-29.3316936136751210,-29.3184297271148040,-29.3275191759506590,-29.3390791087688569,-29.3429848374997135,-29.2878717420197461,-29.3032390561818765,-29.3014029786819599,-29.3002841988193907,-29.3797740289822968,-29.2623304898518590,-29.3456898879789705,-29.3220663036483806,-29.0468415546124206
-29.2751271421660064,-29.3252314268489869,-29.3596686793151633,-29.3258742426529615,-29.3603123911644772,-29.3315362226105663,-29.3182763284152372,-29.3274703366226746,-29.3388523254523435,-29.3427065121527875,-29.2877445885955368,-29.3029779892950160,-29.3010873754845491,-29.2999266976734489,-29.3796553051887770,-29.2619608382944278,-29.3453721688917213,-29.3218477135432352,-29.0463512468609224
-29.2748785093768333,-29.3251836142290934,-29.3596374988421402,-29.3258252387096228,-29.3602802135943861,-29.3313906088173475,-29.3181358898466229,-29.3274257233920217,-29.3386371594968551,-29.3424431062623015,-29.2876235696433440,-29.3027336062253951,-29.3007923230077019,-29.2995924588591805,-29.3795531091988806,-29.2616151656670525,-29.3450717602013178,-29.3216477489508520,-29.0458874530427522
-29.2746459762687330,-29.3251341822694442,-29.3596047054838856,-29.3257770208187232,-29.3602488627782208,-29.3312583235011921,-29.3180076615851135,-29.3273850632625788,-29.3384330987889399,-29.3421938415897223,-29.2875086333658992,-29.3025069870654633,-29.3005189783242734,-29.2992826450005523,-29.3794668885541910,-29.2612926601073582,-29.3447877038713827,-29.3214653911544616,-29.0454494720717840
-29.2744290783529202,-29.3250837166017639,-29.3595708490865306,-29.3257294553592409,-29.3602181685211576,-29.3311382438492600,-29.3178909304781286,-29.3273481057720637,-29.3382404279858271,-29.3419589189791452,-29.2873999114618648,-29.3022985242517784,-29.3002678849514062,-29.2989979001735463,-29.3793927774456236,-29.2609925544495475,-29.3445201516498173,-29.3212996560437738,-29.0450365609742178
-29.2742272530035770,-29.3250328418534885,-29.3595365273518212,-29.3256822016702863,-29.3601877608609954,-29.3310263485466507,-29.3177850154899993,-29.3273146398740892,-29.3380595964295701,-29.3417388059261981,-29.2872966101884593,-29.3021061928368241,-29.3000370458245634,-29.2987362633845017,-29.3793259209001434,-29.2607139751450411,-29.3442695835502718,-29.3211495823147672,-29.0446478788586298
-29.2740397146387323,-29.3249818846568537,-29.3595020567964369,-29.3256348702604761,-29.3601572316528419,-29.3309238357650521,-29.3176891311294696,-29.3272843900120463,-29.3378907761586376,-29.3415336849014601,-29.2871993995953090,-29.3019294919429996,-29.2998253497043706,-29.2984963628870361,-29.3792622670805947,-29.2604557928593927,-29.3440361954015110,-29.3210140898230094,-29.0442824092631540
-29.2738656045801982,-29.3249309174130239,-29.3594674876778257,-29.3255874366540041,-29.3601265283408814,-29.3308305888794081,-29.3176023695605679,-29.3272569850256453,-29.3377339983167857,-29.3413435926089221,-29.2871077355828220,-29.3017683436995569,-29.2996324612985397,-29.2982775633705153,-29.3791998312946454,-29.2602167022199495,-29.3438200204495381,-29.3208919228152247,-29.0439389846055569
-29.2737040662116286,-29.3248798698562751,-29.3594327244049573,-29.3255403294532329,-29.3600960520499115,-29.3307459400170565,-29.3175238077454416,-29.3272320282240493,-29.3375885828982277,-29.3411676584899368,-29.2870198709397869,-29.3016209888747170,-29.2994569925286505,-29.2980786153009696,-29.3791399767162709,-29.2599954624700942,-29.3436200727147600,-29.3207818143340546,-29.0436163956939311
-29.2735542758550125,-29.3248288538212556,-29.3593978633375983,-29.3254940442952829,-29.3600662662267951,-29.3306692112017728,-29.3174526153649282,-29.3272091816369880,-29.3374534912632612,-29.3410045843577336,-29.2869351091514432,-29.3014855795090838,-29.2992971055868026,-29.2978979388076084,-29.3790847382298175,-29.2597908744035351,-29.3434348607685607,-29.3206826118694579,-29.0433134863394216
-29.2734154663429500,-29.3247784280047057,-29.3593634523654785,-29.3254488309283587,-29.3600373814060802,-29.3305982369638301,-29.3173880956067592,-29.3271882000891608,-29.3373280623786847,-29.3408534617866792,-29.2868530589726390,-29.3013607072479374,-29.2991510140782943,-29.2977336294655331,-29.3790338241351847,-29.2596017856252502,-29.3432633200385951,-29.3205933250034150,-29.0430292095200429
-29.2732869517015573,-29.3247290287568241,-29.3593299044469873,-29.3254047235537882,-29.3600093938490936,-29.3305328713317692,-29.3173296839140001,-29.3271689245015246,-29.3372117711463325,-29.3407135992917887,-29.2867745507843367,-29.3012451184014786,-29.2990170265783618,-29.2975837528011738,-29.3789854404324977,-29.2594272482444424,-29.3431046498758690,-29.3205131232900591,-29.0427625665852815
-29.2731681353590822,-29.3246804211534702,-29.3592969485014414,-29.3253616842515399,-29.3599822357560463,-29.3304716084923669,-29.3172769383252039,-29.3271512612329666,-29.3371043363294817,-29.3405846247329585,-29.2866998682870054,-29.3011385137404439,-29.2988943360642118,-29.2974471183307621,-29.3789377488086814,-29.2592663167648475,-29.3429584049372991,-29.3204413295304818,-29.0425127168929791
-29.2730585202455877,-29.3246319731509963,-29.3592639163689739,-29.3253196602864783,-29.3599558350624292,-29.3304123408198087,-29.3172295396792641,-29.3271351871264017,-29.3370057077919810,-29.3404664550282703,-29.2866284600657529,-29.3010405363998494,-29.2987824897151690,-29.2973230920552012,-29.3788894820677626,-29.2591182203788200,-29.3428244818963968,-29.3203774258948577,-29.0422788737117834
-29.2729575954044279,-29.3245835579408407,-29.3592306574175694,-29.3252784697784961,-29.3599299997237146,-29.3303548868526036,-29.3171872484587901,-29.3271207309556878,-29.3369157235530444,-29.3403589056658589,-29.2865602173799289,-29.3009507883953120,-29.2986808543184019,-29.2972108397825082,-29.3788396293050695,-29.2589822059526092,-29.3427026917852984,-29.3203209984739246,-29.0420602847857197
-29.2728648049657814,-29.3245359109637320,-29.3591979110234966,-29.3252377787867928,-29.3599043930788639,-29.3302977793068749,-29.3171498078136814,-29.3271078995684569,-29.3368340623133399,-29.3402616249786128,-29.2864949015588252,-29.3008684194425406,-29.2985883293874778,-29.2971090801791583,-29.3787882379895429,-29.2588574763115616,-29.3425926467363603,-29.3202716171065170,-29.0418561987566903
-29.2727795887132913,-29.3244897323368328,-29.3591663955082893,-29.3251973882151411,-29.3598788215348279,-29.3302398758365328,-29.3171168613762347,-29.3270966129632669,-29.3367601211778535,-29.3401738623942094,-29.2864319136450177,-29.3007926031710255,-29.2985039437069901,-29.2970167047543271,-29.3787371824042864,-29.2587432179453231,-29.3424934931459589,-29.3202287355720799,-29.0416658092909259
-29.2727013472484714,-29.3244451817086471,-29.3591362668613876,-29.3251576465169705,-29.3598536363361227,-29.3301811220543946,-29.3170879055929987,-29.3270866711289564,-29.3366932303406500,-29.3400947340159561,-29.2863707896404613,-29.3007224008415292,-29.2984266306792485,-29.2969325681789456,-29.3786883858485268,-29.2586385598776069,-29.3424042060882400,-29.3201916345158935,-29.0414882136117676
-29.2726294551852106,-29.3244023367997499,-29.3591076095225247,-29.3251191051038518,-29.3598293831338495,-29.3301232843167270,-29.3170623347980523,-29.3270777896044379,-29.3366329351944941,-29.3400236197954172,-29.2863120164712925,-29.3006574274386864,-29.2983556883170237,-29.2968557567055328,-29.3786418700069270,-29.2585425903452290,-29.3423240324342842,-29.3201594738094222,-29.0413224477629903
-29.2725633136228893,-29.3243615648833682,-29.3590807625555286,-29.3250819649091774,-29.3598062427993405,-29.3300683188513069,-29.3170395607453216,-29.3270696891122675,-29.3365788983647349,-29.3399600271330243,-29.2862563114433669,-29.3005969964618131,-29.2982900236823696,-29.2967848989670756,-29.3785964356085465,-29.2584544295580500,-29.3422523736088152,-29.3201314376902644,-29.0411675465423791
-29.2725023951726726,-29.3243231856920872,-29.3590560183255533,-29.3250461837858332,-29.3597841464219087,-29.3300191632113041,-29.3170191187991023,-29.3270621729122318,-29.3365306938999879,-29.3399033843441188,-29.2862038108945910,-29.3005409316938596,-29.2982293170046617,-29.2967195361594825,-29.3785511550778331,-29.2583733013389384,-29.3421885471959669,-29.3201068668641049,-29.0410227348809862
-29.2724462467548960,-29.3242870627839451,-29.3590332032598802,-29.3250116841835222,-29.3597629868471834,-29.3299772272958066,-29.3170007126162702,-29.3270551588955541,-29.3364878208326516,-29.3398530625110538,-29.2861543339756665,-29.3004893096859753,-29.2981737015406587,-29.2966598255278399,-29.3785056005328755,-29.2582985542802092,-29.3421318374141755,-29.3200853158032366,-29.0408872770963882
-29.2723944666063289,-29.3242526752881645,-29.3590117679581546,-29.3249784006647154,-29.3597426720207721,-29.3299416922506779,-29.3169842070888862,-29.3270486677151787,-29.3364496119004770,-29.3398082949295436,-29.2861074746495653,-29.3004417477794199,-29.2981228239091287,-29.2966054238558371,-29.3784597467786526,-29.2582296451712516,-29.3420813920886090,-29.3200665442231738,-29.0407606026940428
-29.2723466958479683,-29.3242193923206251,-29.3589910659918303,-29.3249462940623395,-29.3597231444629863,-29.3299117887250347,-29.3169695876423830,-29.3270427852554612,-29.3364152467152124,-29.3397681566899209,-29.2860634654855154,-29.3003979358919722,-29.2980762075479291,-29.2965557458224666,-29.3784138168572255,-29.2581661257105594,-29.3420362306918676,-29.3200504709700702,-29.0406422571111946
-29.2723026404845967,-29.3241867461441181,-29.3589706236594097,-29.3249153458861187,-29.3597043817961421,-29.3298859516684871,-29.3169569198789759,-29.3270376381808831,-29.3363840419522504,-29.3397318891545495,-29.2860218025362329,-29.3003575450976967,-29.2980335140562715,-29.2965104280505599,-29.3783680318829603,-29.2581076536593656,-29.3419955296464821,-29.3200371241555828,-29.0405318645048993
-29.2722620243943297,-29.3241548692363772,-29.3589505767491836,-29.3248854448230816,-29.3596862827058764,-29.3298619427585869,-29.3169462869943835,-29.3270333598918214,-29.3363553797589169,-29.3396988075026890,-29.2859813643904197,-29.3003202372052307,-29.2979945792554517,-29.2964694067271978,-29.3783229509431543,-29.2580539154996124,-29.3419585531375340,-29.3200265603220096,-29.0404290823134019
-29.2722245964927126,-29.3241247076132687,-29.3589319009486438,-29.3248563097311461,-29.3596685854629591,-29.3298385324943922,-29.3169376993091078,-29.3270300262387948,-29.3363288055002158,-29.3396683634562159,-29.2859419772350300,-29.3002856402011105,-29.2979589721310099,-29.2964322103432409,-29.3782799564424373,-29.2580045927486054,-29.3419246785058299,-29.3200187477686498,-29.0403335557016149
-29.2721901668921873,-29.3240967943309023,-29.3589151597061360,-29.3248277712955812,-29.3596511411838286,-29.3298146694887087,-29.3169310292846639,-29.3270276058553030,-29.3363042257737270,-29.3396403906207048,-29.2859038792099611,-29.3002535348978981,-29.2979263673181656,-29.2963984397890407,-29.3782401546979521,-29.2579593885090148,-29.3418936703523023,-29.3200134863960500,-29.0402448852798329
-29.2721585808033247,-29.3240707766823299,-29.3589000018872071,-29.3248001947080468,-29.3596343390861598,-29.3297908250066506,-29.3169259967142644,-29.3270259498044830,-29.3362818315745706,-29.3396150153789108,-29.2858671747058921,-29.3002236676081402,-29.2978964172369878,-29.2963676829692048,-29.3782034416553408,-29.2579180095674793,-29.3418656134582143,-29.3200103887742678,-29.0401626195529516
-29.2721297070239643,-29.3240463637876267,-29.3588861350564940,-29.3247740660639060,-29.3596186783986468,-29.3297707881268082,-29.3169222454312575,-29.3270248504245004,-29.3362619336439536,-29.3395925255127921,-29.2858324658780091,-29.3001959782124359,-29.2978688430851761,-29.2963395001939446,-29.3781689502865930,-29.2578801708641549,-29.3418407675816724,-29.3200089748156856,-29.0400862813275822
-29.2721034157351703,-29.3240234231871533,-29.3588734259418445,-29.3247494900250913,-29.3596042649153617,-29.3297563161449304,-29.3169194319641377,-29.3270241085372980,-29.3362448359415815,-29.3395732032231358,-29.2857998129037753,-29.3001707436761976,-29.2978439194214708,-29.2963141463445496,-29.3781359617570246,-29.2578455874118539,-29.3418193912431917,-29.3200087831298646,-29.0400153794167331
-29.2720795221769166,-29.3240020150016392,-29.3588619373704738,-29.3247263949110035,-29.3595910249733230,-29.3297464622854598,-29.3169172444600932,-29.3270235486885795,-29.3362305886758854,-29.3395570646820296,-29.2857694451515833,-29.3001479918207401,-29.2978215952000127,-29.2962915190812758,-29.3781043376310969,-29.2578139284494867,-29.3418014659249629,-29.3200093979884748,-29.0399493915633116
-29.2720577493587513,-29.3239820394382917,-29.3588515633185985,-29.3247046371681144,-29.3595788070627393,-29.3297392893481756,-29.3169154239375693,-29.3270230320319385,-29.3362189248339682,-29.3395437688573288,-29.2857411462884123,-29.3001275726263906,-29.2978017127670576,-29.2962714486322824,-29.3780739872318932,-29.2577848008337433,-29.3417866076523879,-29.3200104762750478,-29.0398877887466824
-29.2720377390456328,-29.3239632675550688,-29.3588420619727621,-29.3246840246207121,-29.3595674047616555,-29.3297333631225250,-29.3169138077209190,-29.3270224842217431,-29.3362092196321029,-29.3395326181186675,-29.2857148922946351,-29.3001091855210412,-29.2977839393131880,-29.2962535892549241,-29.3780447375534663,-29.2577577815351333,-29.3417740685992143,-29.3200118001328924,-29.0398301041432774
-29.2720191086862727,-29.3239454521961775,-29.3588331710639849,-29.3246643584289330,-29.3595566022404739,-29.3297278296354946,-29.3169123646199452,-29.3270219201606821,-29.3362006567967164,-29.3395227336586899,-29.2856909243182564,-29.3000926567105893,-29.2977680038388684,-29.2962376059503917,-29.3780164832452613,-29.2577324820484641,-29.3417629193248928,-29.3200133187720340,-29.0397759866938010
-29.2720015137056393,-29.3239283585355359,-29.3588246368068795,-29.3246454769778140,-29.3595462236087918,-29.3297222982597390,-29.3169111774882047,-29.3270214325943286,-29.3361924741764639,-29.3395132988208651,-29.2856687475406474,-29.3000777327551098,-29.2977536947630917,-29.2962233045679845,-29.3779892165980243,-29.2577085944323763,-29.3417523015357524,-29.3200151267246518,-29.0397252029792945
-29.2719847010373329,-29.3239117126885631,-29.3588161911676870,-29.3246272842887308,-29.3595361669523918,-29.3297168982176082,-29.3169103918781886,-29.3270211512892622,-29.3361841175087079,-29.3395037172881210,-29.2856474818510257,-29.3000638513291527,-29.2977405394436090,-29.2962102687830210,-29.3779629823283130,-29.2576859165902832,-29.3417415908747259,-29.3200173984423493,-29.0396776157874399
-29.2719685623130061,-29.3238953860802667,-29.3588076967161946,-29.3246097536138599,-29.3595264122706041,-29.3297117625968582,-29.3169101664108425,-29.3270211989502805,-29.3361753001648005,-29.3394936997987870,-29.2856268234363597,-29.3000505501297432,-29.2977280376782439,-29.2961979699642114,-29.3779378653228207,-29.2576643793247158,-29.3417304859194630,-29.3200203266867057,-29.0396331579265166
-29.2719531861555993,-29.3238799765970768,-29.3587997659735152,-29.3245928634248045,-29.3595169580645958,-29.3297054525693817,-29.3169106630511784,-29.3270216894785847,-29.3361661475051605,-29.3394833820249801,-29.2856066292407959,-29.3000376820004007,-29.2977160421045149,-29.2961862584542487,-29.3779139427984219,-29.2576440910408948,-29.3417191339041743,-29.3200241087242475,-29.0395918042886940
-29.2719387564542721,-29.3238667974141833,-29.3587937571549347,-29.3245765422747731,-29.3595077598806107,-29.3296968675171073,-29.3169120113515120,-29.3270227175761029,-29.3361569424532576,-29.3394730821696434,-29.2855867175229072,-29.3000255030066761,-29.2977049112267132,-29.2961755554803389,-29.3778911104796094,-29.2576252358840314,-29.3417078697971014,-29.3200288970435032,-29.0395535416357369
-29.2719254190896905,-29.3238554762462869,-29.3587893136506750,-29.3245608283313466,-29.3594988777461694,-29.3296873424820674,-29.3169142070424655,-29.3270242854382630,-29.3361479652080774,-29.3394630879720708,-29.2855675524757402,-29.3000141374023002,-29.2976946942789453,-29.2961658550397885,-29.3778693540995413,-29.2576079268252798,-29.3416969850600537,-29.3200346701183321,-29.0395183382915221
-29.2719132915057507,-29.3238451404900324,-29.3587855616869895,-29.3245461382713906,-29.3594907393357083,-29.3296806015204758,-29.3169171020176549,-29.3270262921077283,-29.3361396534382344,-29.3394538499597211,-29.2855499512951987,-29.3000040151414005,-29.2976857438130516,-29.2961574572624031,-29.3778490303905109,-29.2575922167991180,-29.3416869361398511,-29.3200412225974247,-29.0394861179443815
-29.2719024624330437,-29.3238352703531397,-29.3587819830822703,-29.3245327162492302,-29.3594835875717806,-29.3296760555233362,-29.3169205076425179,-29.3270286100182602,-29.3361325408519384,-29.3394459275793089,-29.2855339131883632,-29.2999951834580976,-29.2976781139043148,-29.2961504204594689,-29.3778304984991152,-29.2575781106615516,-29.3416782962890146,-29.3200482988583495,-29.0394567430587180
-29.2718929704343580,-29.3238259650523219,-29.3587786968971827,-29.3245205717178443,-29.3594774352273191,-29.3296724069753978,-29.3169242506093113,-29.3270311258966920,-29.3361269410593621,-29.3394396454713018,-29.2855193717359583,-29.2999876539330195,-29.2976718196868120,-29.2961447626962652,-29.3778137189178281,-29.2575655617707362,-29.3416713974654897,-29.3200556685503813,-29.0394300092237927
-29.2718847514570299,-29.3238174741914399,-29.3587759592508029,-29.3245096410372454,-29.3594722203211695,-29.3296690091653076,-29.3169281727666160,-29.3270337390188800,-29.3361227419213613,-29.3394348612336948,-29.2855061853678080,-29.2999814435840591,-29.2976668746552136,-29.2961404915124568,-29.3777984877540490,-29.2575544410490771,-29.3416660786846677,-29.3200631288757947,-29.0394056508536238
-29.2718776162075720,-29.3238098478434424,-29.3587738231539319,-29.3244997892652144,-29.3594678097587796,-29.3296659937064206,-29.3169321262679574,-29.3270363567032994,-29.3361194771601355,-29.3394310363539823,-29.2854938498494661,-29.2999764046215887,-29.2976631718459544,-29.2961375212476298,-29.3777848335380725,-29.2575445182145515,-29.3416617539208602,-29.3200704983577687,-29.0393833555553762
-29.2718712848448952,-29.3238029701777272,-29.3587721820992620,-29.3244908167446319,-29.3594640130329232,-29.3296632897686074,-29.3169359786455956,-29.3270388972550826,-29.3361166732484620,-29.3394276383333334,-29.2854821149761122,-29.2999723085430972,-29.2976604819196922,-29.2961356232843890,-29.3777725970683576,-29.2575354892238799,-29.3416578498540837,-29.3200776212275365,-29.0393627868329318
-29.2718654501053770,-29.3237966337581710,-29.3587708438209241,-29.3244824833711988,-29.3594606062308223,-29.3296605011110891,-29.3169396228583139,-29.3270412968077316,-29.3361139711147132,-29.3394242855004670,-29.2854711456691277,-29.2999689925210127,-29.2976585724553757,-29.2961345216218163,-29.3777613093456296,-29.2575270302800163,-29.3416539667772724,-29.3200843778567091,-29.0393436094462309
-29.2718598263337135,-29.3237905916940100,-29.3587695807425000,-29.3244745423876694,-29.3594573646879162,-29.3296572185771538,-29.3169429840935827,-29.3270435131576335,-29.3361111150607741,-29.3394207263675426,-29.2854611251513894,-29.2999663252862952,-29.2976572300233009,-29.2961339466350630,-29.3777505163399368,-29.2575188498026399,-29.3416498526706242,-29.3200906912290868,-29.0393255159137418
-29.2718541982533367,-29.3237846028352713,-29.3587681721884834,-29.3244667884912715,-29.3594541076170366,-29.3296530196702712,-29.3169460248997638,-29.3270455275187345,-29.3361079725976346,-29.3394168483193454,-29.2854517687033571,-29.2999640452028558,-29.2976561740315020,-29.2961336007221185,-29.3777399885902177,-29.2575107310828813,-29.3416454054461049,-29.3200965306138919,-29.0393082560438671
-29.2718484319945951,-29.3237784408887165,-29.3587664080924284,-29.3244590947827461,-29.3594507284848838,-29.3296473048389394,-29.3169487377864648,-29.3270473387576907,-29.3361045325683421,-29.3394126652801042,-29.2854427481504054,-29.2999617390450702,-29.2976549976684773,-29.2961330847472823,-29.3777297111993789,-29.2575025405392743,-29.3416406529035036,-29.3201019018773934,-29.0392916504486180
-29.2718424395218975,-29.3237718715467821,-29.3587640640967429,-29.3244514000747500,-29.3594471799634675,-29.3296398149684876,-29.3169511264797791,-29.3270489503850165,-29.3361007940583960,-29.3394081898196504,-29.2854338490294559,-29.2999590775421730,-29.2976533479176311,-29.2961320282338917,-29.3777197403399519,-29.2574941934992054,-29.3416356140109755,-29.3201068224294019,-29.0392755732569299
-29.2718361647163761,-29.3237648145601888,-29.3587610629873410,-29.3244436653877436,-29.3594434313998214,-29.3296317266391533,-29.3169532133316686,-29.3270503778741976,-29.3360966149498559,-29.3394032694414975,-29.2854248545060294,-29.2999558528528965,-29.2976510164957880,-29.2961302202957192,-29.3777099933751451,-29.2574856460635111,-29.3416301290915378,-29.3201113296234972,-29.0392599431249323
-29.2718296144176655,-29.3237577518310566,-29.3587578929639896,-29.3244358347787326,-29.3594394377371479,-29.3296246003395602,-29.3169550580579781,-29.3270516628866211,-29.3360917585769165,-29.3393976438908020,-29.2854156577105336,-29.2999520110330387,-29.2976479590836654,-29.2961276201308181,-29.3777001030013096,-29.2574769213160657,-29.3416239243997552,-29.3201155018215402,-29.0392447369703000
-29.2718228698176581,-29.3237514810923088,-29.3587553649142805,-29.3244279335683764,-29.3594352350429375,-29.3296190908337628,-29.3169567254301597,-29.3270528493562672,-29.3360861828859569,-29.3393912616723433,-29.2854063194830978,-29.2999476790098967,-29.2976443298470812,-29.2961243995034977,-29.3776897252754168,-29.2574681087040389,-29.3416169440926282,-29.3201194154733145,-29.0392300039276634
-29.2718160797752986,-29.3237455658252344,-29.3587530621025117,-29.3244200555347945,-29.3594309379985248,-29.3296150170042935,-29.3169582363668866,-29.3270539481863324,-29.3360802500277273,-29.3393845070846204,-29.2853971871282326,-29.2999430766975664,-29.2976403490289634,-29.2961207789393434,-29.3776791607123791,-29.2574593446150253,-29.3416095855717067,-29.3201230845753500,-29.0392158562605687
-29.2718094794949870,-29.3237397279232646,-29.3587507072001088,-29.3244126149549338,-29.3594269575852813,-29.3296109394090827,-29.3169595964557566,-29.3270549590439416,-29.3360745500603066,-29.3393780082147586,-29.2853886005594681,-29.2999385492588047,-29.2976363818776342,-29.2961171366811719,-29.3776690109066116,-29.2574508322886118,-29.3416025005246581,-29.3201264975485394,-29.0392024486836213
-29.2718033408018776,-29.3237338924660627,-29.3587482224107852,-29.3244058399594998,-29.3594235069524565,-29.3296058024498656,-29.3169608683233491,-29.3270559186960114,-29.3360695004608907,-29.3393722064721985,-29.2853809347545422,-29.2999344304066902,-29.2976327607214095,-29.2961138025142382,-29.3776596288361702,-29.2574428249010232,-29.3415961476346823,-29.3201297136940191,-29.0391899578430461
-29.2717978803583918,-29.3237284650033523,-29.3587460007298588,-29.3243998737817755,-29.3594207111565524,-29.3295999628198949,-29.3169621785511829,-29.3270569046444720,-29.3360652428662867,-29.3393672522996134,-29.2853742951719305,-29.2999309861687038,-29.2976297977999423,-29.2961111192814734,-29.3776510327304052,-29.2574355633138232,-29.3415906850076631,-29.3201328778869090,-29.0391785632771011
-29.2717932158218517,-29.3237237040605585,-29.3587442877669602,-29.3243947787988510,-29.3594186205294108,-29.3295941924671837,-29.3169636924015293,-29.3270580242280090,-29.3360617563806372,-29.3393631295678041,-29.2853686743332702,-29.2999283529210857,-29.2976276802938784,-29.2961093096656668,-29.3776431562669558,-29.2574292189920726,-29.3415860992017699,-29.3201361883740468,-29.0391684290280274
-29.2717893800686326,-29.3237196964919811,-29.3587431638041707,-29.3243905469704380,-29.3594172228047192,-29.3295888859397991,-29.3169655642785933,-29.3270593813849061,-29.3360589570293300,-29.3393597561564903,-29.2853640585183896,-29.2999266416759951,-29.2976265490896495,-29.2961085337372111,-29.3776360144488535,-29.2574238726978457,-29.3415823079514695,-29.3201398328094882,-29.0391596847674052
-29.2717863945450389,-29.3237163996571866,-29.3587425831057196,-29.3243871405739114,-29.3594164783623270,-29.3295843229924245,-29.3169679087076425,-29.3270610531805360,-29.3360568416820655,-29.3393571405659586,-29.2853603070795927,-29.2999259970115240,-29.2976266030231756,-29.2961090243422504,-29.3776297739092911,-29.2574195757953106,-29.3415793263670821,-29.3201439517931277,-29.0391524096163387
-29.2717842708681637,-29.3237137349039223,-29.3587424687261951,-29.3243844958178634,-29.3594163251339424,-29.3295800929121597,-29.3169707986627230,-29.3270630881480301,-29.3360554559190021,-29.3393553479912015,-29.2853571325163529,-29.2999263076806216,-29.2976277654656414,-29.2961107277922821,-29.3776245873655739,-29.2574163586655018,-29.3415772320542700,-29.3201486382247083,-29.0391466201440238
-29.2717829893078054,-29.3237116154907369,-29.3587427399566181,-29.3243825166475354,-29.3594166739636364,-29.3295762618920044,-29.3169742643637647,-29.3270655059101415,-29.3360548248210549,-29.3393544224823231,-29.2853544482407813,-29.2999274896519566,-29.2976299314893822,-29.2961135253013296,-29.3776204562860173,-29.2574142112315059,-29.3415760814501709,-29.3201539356859371,-29.0391422642954176
-29.2717824876521426,-29.3237099631799936,-29.3587433264395834,-29.3243810766776853,-29.3594174076565615,-29.3295727925569736,-29.3169782901432079,-29.3270682954774173,-29.3360549211268591,-29.3393543467786806,-29.2853522825877768,-29.2999295061872580,-29.2976330310177708,-29.2961173246790452,-29.3776173337577475,-29.2574130707130351,-29.3415758633439800,-29.3201598342997478,-29.0391392222914462
-29.2717826612105227,-29.3237086793341248,-29.3587441413825303,-29.3243800263114771,-29.3594183899080363,-29.3295696696686647,-29.3169828118050759,-29.3270714133649513,-29.3360555932359759,-29.3393549543263177,-29.2853506198032960,-29.2999322551868104,-29.2976369261467617,-29.2961219643735689,-29.3776153615571864,-29.2574128199806118,-29.3415764010990721,-29.3201662664690268,-29.0391373131971271
-29.2717833735479829,-29.3237076331610851,-29.3587450698613566,-29.3243792104604672,-29.3594194827157580,-29.3295669065421727,-29.3169877168137596,-29.3270747833703851,-29.3360566796923905,-29.3393560596921432,-29.2853492437047862,-29.2999355409883755,-29.2976413995600353,-29.2961272114987956,-29.3776145688655532,-29.2574132968177949,-29.3415774934365956,-29.3201731060010609,-29.0391363079096898
-29.2717844746172240,-29.3237066634978234,-29.3587459713922101,-29.3243784860284009,-29.3594205648388922,-29.3295644130609574,-29.3169928483429203,-29.3270782989361543,-29.3360580447301373,-29.3393575052425852,-29.2853479618836303,-29.2999390882878075,-29.2976461454158752,-29.2961327405467742,-29.3776146867012962,-29.2574143100906987,-29.3415789686403272,-29.3201801719860242,-29.0391359452837783
-29.2717858066048784,-29.3237055779448639,-29.3587466744968317,-29.3243777327702837,-29.3594215383003849,-29.3295618522022394,-29.3169980190120043,-29.3270818323206335,-29.3360595790408496,-29.3393591610425268,-29.2853466373032774,-29.2999426334551245,-29.2976508581731956,-29.2961382182676928,-29.3776153543583014,-29.2574156464547812,-29.3415806834212169,-29.3201872453354966,-29.0391359499137884
-29.2717871697086984,-29.3237041735012127,-29.3587469978501474,-29.3243768290138433,-29.3594223050411323,-29.3295589073605321,-29.3170030396721728,-29.3270852550841390,-29.3360611436827767,-29.3393608675381330,-29.2853451511319669,-29.2999459372744440,-29.2976552588533679,-29.2961433387515555,-29.3776162569754753,-29.2574170514105454,-29.3415824638651550,-29.3201941052082447,-29.0391360494227051
-29.2717882994939345,-29.3237023492863500,-29.3587468558511659,-29.3243756218794474,-29.3594227298350852,-29.3295562815240061,-29.3170077537451164,-29.3270884627193666,-29.3360624455464141,-29.3393623046920666,-29.2853433358152486,-29.2999487616098691,-29.2976590826422871,-29.2961478186687074,-29.3776170419563449,-29.2574182291975760,-29.3415839708307757,-29.3202005712561800,-29.0391359890650591
-29.2717889471624559,-29.3237001434164490,-29.3587462950945230,-29.3243739653361466,-29.3594226766386939,-29.3295554705401891,-29.3170120319084617,-29.3270913709258991,-29.3360631169001742,-29.3393630712284548,-29.2853410278571786,-29.2999508896475618,-29.2976620979653717,-29.2961514167851362,-29.3776173046299505,-29.2574189112860665,-29.3415847803504448,-29.3202064950474401,-29.0391355438103744
-29.2717889821034376,-29.3236976866848451,-29.3587454510703090,-29.3243718271321647,-29.3594221200287286,-29.3295560354363190,-29.3170157215226403,-29.3270938775082364,-29.3360630539757032,-29.3393630415714277,-29.2853382356446375,-29.2999522202514235,-29.2976641813047500,-29.2961539943796936,-29.3776167903263214,-29.2574189205175408,-29.3415847522887390,-29.3202116934943788,-29.0391345271664605
-29.2717884042240790,-29.3236949181501458,-29.3587442736990134,-29.3243692670917930,-29.3594211247529948,-29.3295558598493820,-29.3170186448100303,-29.3270958613587815,-29.3360624121403788,-29.3393623581247383,-29.2853351124111647,-29.2999527547096008,-29.2976653088947181,-29.2961555112187710,-29.3776154433048760,-29.2574181829215156,-29.3415840211277548,-29.3202159450762423,-29.0391327965088486
-29.2717872363077696,-29.3236915444124477,-29.3587424733244049,-29.3243664498403476,-29.3594198574299448,-29.3295543845151556,-29.3170206562243614,-29.3270972241339472,-29.3360612531949592,-29.3393610598698835,-29.2853318095036066,-29.2999525188446874,-29.2976654908473861,-29.2961559670652889,-29.3776134137152063,-29.2574166658536221,-29.3415826117530081,-29.3202190642938554,-29.0391302561466738
-29.2717854528919830,-29.3236877238222355,-29.3587402014661940,-29.3243634286736494,-29.3594183599478882,-29.3295516937813296,-29.3170216944650264,-29.3270979272783485,-29.3360595226944021,-29.3393590729430542,-29.2853284479389409,-29.2999515661497192,-29.2976647769934004,-29.2961554090161975,-29.3776105233896061,-29.2574143224681187,-29.3415804376169511,-29.3202209724680394,-29.0391268576351678
-29.2717830177164018,-29.3236836375966305,-29.3587376239393691,-29.3243602431622925,-29.3594166547929447,-29.3295482134073566,-29.3170217673788756,-29.3270979801297997,-29.3360571621038346,-29.3393563317384931,-29.2853251011002911,-29.2999499345842196,-29.2976632071477070,-29.2961538775808847,-29.3776066584715068,-29.2574111163777246,-29.3415774278774109,-29.3202216789033443,-29.0391225981035888
-29.2717799306888828,-29.3236794290485534,-29.3587348661179171,-29.3243569369481563,-29.3594147667233827,-29.3295441401338337,-29.3170209294965929,-29.3270974239627904,-29.3360541795937770,-29.3393528501474563,-29.2853217738795024,-29.2999476353125452,-29.2976608081662420,-29.2961514102124134,-29.3776018197891453,-29.2574070581518626,-29.3415735998972984,-29.3202212518316259,-29.0391175172358302
-29.2717762386171572,-29.3236752225724899,-29.3587320438917452,-29.3243535565991245,-29.3594127347775142,-29.3295394886297238,-29.3170192679115722,-29.3270963219371161,-29.3360506357772479,-29.3393487012534777,-29.2853184739599222,-29.2999446991261934,-29.2976576283236341,-29.2961480668870777,-29.3775960733472559,-29.2574022130171087,-29.3415690349660245,-29.3202197990369022,-29.0391116925808923
-29.2717720227843898,-29.3236711284606280,-29.3587292655792922,-29.3243501548966989,-29.3594106117659450,-29.3295342667535017,-29.3170168925808596,-29.3270947521550625,-29.3360466169050653,-29.3393439860946543,-29.2853152141135702,-29.2999411969954053,-29.2976537611443071,-29.2961439558872137,-29.3775895262917786,-29.2573966866198489,-29.3415638440816515,-29.3202174553860608,-29.0391052340505276
-29.2717673857682321,-29.3236672415688311,-29.3587266281703627,-29.3243467902357473,-29.3594084593863265,-29.3295285414870435,-29.3170139301645278,-29.3270928035369174,-29.3360422220758572,-29.3393388197740741,-29.2853120238986442,-29.2999372380326371,-29.2976493415660180,-29.2961392290510290,-29.3775823157913116,-29.2573906107031583,-29.3415581530986387,-29.3202143748836832,-29.0390982780640527
-29.2717624442798829,-29.3236636467054019,-29.3587242125541330,-29.3243435316682195,-29.3594063428310470,-29.3295224387986089,-29.3170105194280026,-29.3270905722951589,-29.3360375586544961,-29.3393333267053222,-29.2853089526443497,-29.2999329613654567,-29.2976445352387032,-29.2961340694135473,-29.3775746121029862,-29.2573841345204357,-29.3415520980227029,-29.3202107251405693,-29.0390909810131355
-29.2717573245932172,-29.3236604087097419,-29.3587220809953280,-29.3243404451642284,-29.3594043261940598,-29.3295161202794645,-29.3170068085242548,-29.3270881601671576,-29.3360327404297720,-29.3393276392718789,-29.2853060464660899,-29.2999285208728040,-29.2976395264636622,-29.2961286814922985,-29.3775666048395614,-29.2573774196517036,-29.3415458235868272,-29.3202066854299161,-29.0390835130253393
-29.2717521602437643,-29.3236575740358631,-29.3587202771490254,-29.3243375926603740,-29.3594024698198623,-29.3295097573515591,-29.3170029531506060,-29.3270856728968425,-29.3360278901083262,-29.3393218978681283,-29.2853033406831713,-29.2999240780610251,-29.2976345103781846,-29.2961232827716174,-29.3775585005313538,-29.2573706375038434,-29.3415394837000463,-29.3202024433996726,-29.0390760532943553
-29.2717470917638529,-29.3236551707108326,-29.3587188296211004,-29.3243350299579539,-29.3594008310400483,-29.3295035144752880,-29.3169991164009680,-29.3270832201426792,-29.3360231297644880,-29.3393162549199218,-29.2853008893824018,-29.2999198019074605,-29.2976296877714404,-29.2961180953778637,-29.3775505158063304,-29.2573639694107399,-29.3415332457174927,-29.3201981965930862,-29.0390687881104661
-29.2717422581054159,-29.3236532097876363,-29.3587177480442136,-29.3243328060319044,-29.3593994581468252,-29.3294975374932712,-29.3169954592723236,-29.3270809087995907,-29.3360185887296190,-29.3393108550556114,-29.2852987747758782,-29.2999158595195368,-29.2976252481652004,-29.2961133239515483,-29.3775428651628481,-29.2573575955822065,-29.3415272694600446,-29.3201941404562980,-29.0390618991011458
-29.2717377834899040,-29.3236516713715716,-29.3587170177237695,-29.3243309462002877,-29.3593983821143283,-29.3294919522290911,-29.3169921243759184,-29.3270788322426057,-29.3360143806786589,-29.3393058359237315,-29.2852970572064635,-29.2999123867704157,-29.2976213410287620,-29.2961091266948443,-29.3775357332799203,-29.2573516775183009,-29.3415217067159801,-29.3201904483867075,-29.0390555472784797
-29.2717337717400952,-29.3236505212499665,-29.3587166041014562,-29.3243294648194599,-29.3593976170334301,-29.3294868824193600,-29.3169892283362366,-29.3270770647794805,-29.3360106024583018,-29.3393013130935110,-29.2852956700105231,-29.2999094445290034,-29.2976180499798495,-29.2961056023811217,-29.3775292836954698,-29.2573463501287385,-29.3415166853124738,-29.3201872616412338,-29.0390498685409604
-29.2717303104268076,-29.3236497112153174,-29.3587164651875163,-29.3243283604448095,-29.3593971675750964,-29.3294824170650550,-29.3169868645811533,-29.3270756640604624,-29.3360073362595237,-29.3392973846566427,-29.2852945702790883,-29.2999070654998839,-29.2976154198498335,-29.2961028041327438,-29.3775236504363448,-29.2573417271149481,-29.3415123136991483,-29.3201846926337488,-29.0390449817365202
-29.2717274806893535,-29.3236491933907608,-29.3587165580039482,-29.3243276351442894,-29.3593970401043229,-29.3294786230013678,-29.3169851102399797,-29.3270746764483015,-29.3360046546268372,-29.3392941364281583,-29.2852937635972985,-29.2999053063687320,-29.2976135158631479,-29.2961008026691054,-29.3775189470283529,-29.2573379120701134,-29.3415086863338459,-29.3201828330512626,-29.0390409933718168
-29.2717253608263803,-29.3236489142972871,-29.3587168384118442,-29.3243272879900125,-29.3593972423529372,-29.3294755039604809,-29.3169840307361369,-29.3270741411325488,-29.3360026274396795,-29.3392916503025312,-29.2852932759418074,-29.2999042383838706,-29.2976124173768611,-29.2960996826800724,-29.3775152633837173,-29.2573350036289561,-29.3415058929723287,-29.3201817608170323,-29.0390379957137164
