HF,MP2,CISD,UMP2,UHF,CASSCF CF,VB,cov,ion,MP3,MP4D,MP4DQ,MP4SDQ,MP4SDTQ
7.74983142,7.713598075379,7.708549526532,7.713598077415,7.74983143,7.733769979,,,,7.70954757981,,,,
2.52229864,2.486426245504,2.481396974301,2.486426246994,2.52229864,2.50682413,,,,2.482403927284,2.4813982,2.4816059,2.4815921,2.4815921
0.83974217,0.804310101253,0.799291829771,0.804310102755,0.83974217,0.824990846,0.831854704963,0.827912800022,0.839737712266,0.800313049705,0.7992926,0.7995036,0.7994902,0.7994902
0.04550078,0.010506621183,0.005483313162,0.010506622692,0.04550078,0.031501369,0.037193374252,0.033522093543,0.045562303167,0.006526187769,0.0054862,0.0057018,0.0056882,0.0056882
-0.39528801,-0.429885820212,-0.434934472603,-0.429885818662,-0.39528801,-0.408555684,-0.404448177442,-0.406543834569,-0.395152546143,-0.433861579703,-0.4349273,-0.434706,-0.4347204,-0.4347204
-0.66196375,-0.696220194091,-0.701318015962,-0.696220192633,-0.66196375,-0.674539599,-0.671410084747,-0.67067823362,-0.661749400203,-0.700205622125,-0.7013038,-0.7010754,-0.7010915,-0.7010915
-0.83158603,-0.865559063027,-0.870732908883,-0.865559061298,-0.83158603,-0.841802765,-0.841726089101,-0.841488459884,-0.831285624277,-0.869570262808,-0.8707081,-0.8704715,-0.8704901,-0.8704901
-0.94259685,-0.976344256518,-0.981623350394,-0.9763442548,-0.94259685,-0.953621548,-0.953502133653,-0.952680789489,-0.942203472027,-0.98039827877,-0.9815837,-0.9813376,-0.9813596,-0.9813596
-1.01619072,-1.049769017626,-1.055184818387,-1.049769015881,-1.01619072,-1.028095226,-1.027928332452,-1.027000932041,-1.015701261957,-1.053883605693,-1.055125,-1.0548682,-1.0548945,-1.0548945
-1.06491724,-1.098381235082,-1.103967691495,-1.098381234275,-1.06491724,-1.077773709,-1.077556023817,-1.076548328648,-1.064316418842,-1.102574903794,-1.1038814,-1.1036125,-1.1036443,-1.1036443
-1.0966131,-1.130017361391,-1.135810473877,-1.130017360585,-1.0966131,-1.110495535,-1.110227821768,-1.109163757317,-1.095852159865,-1.134308651444,-1.1356901,-1.1354076,-1.135446,-1.135446
-1.11637839,-1.14977658284,-1.155814685818,-1.149776582037,-1.11637839,-1.131363377,-1.131047436094,-1.129934604929,-1.115381900469,-1.154184096858,-1.1556513,-1.1553534,-1.1553999,-1.1553999
-1.12764374,-1.16108768651,-1.167411901061,-1.161087685718,-1.12764374,-1.143810769,-1.143445378682,-1.14228743583,-1.126327499726,-1.165630365532,-1.1671948,-1.1668799,-1.166936,-1.166936
-1.13277936,-1.166319459258,-1.172973878714,-1.166319458494,-1.13277936,-1.150211492,-1.149791769035,-1.148597762004,-1.131042280461,-1.171016555326,-1.1726906,-1.1723567,-1.1724242,-1.1724242
-1.13345894,-1.167144399754,-1.174176512314,-1.167144399051,-1.13345894,-1.152243524,-1.151768881661,-1.150546250515,-1.131135523058,-1.172015648551,-1.1738128,-1.1734577,-1.1735386,-1.1735386
-1.13088603,-1.164764926502,-1.172226125161,-1.164764926522,-1.13088603,-1.151115208,-1.150589957167,-1.149338854165,-1.127686207233,-1.169830835754,-1.1717656,-1.1713869,-1.1714834,-1.1714834
-1.12593936,-1.160059000486,-1.168004900747,-1.160059000594,-1.12593936,-1.147710477,-1.147146376055,-1.145848059708,-1.121406312285,-1.165340977475,-1.1674288,-1.1670241,-1.1671386,-1.1671386
-1.11926874,-1.15367604413,-1.162166648727,-1.153676044321,-1.11926874,-1.142684556,-1.142096869058,-1.140715685453,-1.11275647209,-1.159196379279,-1.161454,-1.1610203,-1.1611556,-1.1611556
-1.11135967,-1.146101614106,-1.155201406166,-1.146101612332,-1.11135967,-1.13652856,-1.135931586072,-1.134422004379,-1.102038675804,-1.151883409001,-1.1543287,-1.1538628,-1.1540219,-1.1540219
-1.10257804,-1.137702019181,-1.147480017101,-1.137702017639,-1.10257804,-1.12961406,-1.129018670022,-1.127334964485,-1.089480275696,-1.143769106876,-1.1464213,-1.1459196,-1.1461058,-1.1461058
-1.09320151,-1.128755629221,-1.139285412009,-1.12875562787,-1.09320151,-1.122224374,-1.12163778723,-1.119743039628,-1.075305704586,-1.135132515517,-1.1380119,-1.1374706,-1.1376876,-1.1376876
-1.08344193,-1.119475024375,-1.130834822687,-1.119475024782,-1.08344193,-1.114576834,-1.114003400294,-1.111875467294,-1.059774056701,-1.126186980065,-1.1293155,-1.1287302,-1.128982,-1.128982
-1.07346155,-1.110023019585,-1.122295812224,-1.110023019783,-1.07346155,-1.106838842,-1.106281051501,-1.103915838693,-1.043179595447,-1.11709628661,-1.1204971,-1.119863,-1.1201541,-1.1201541
-1.06338481,-1.100524598207,-1.113798054542,-1.100524598201,-1.06338481,-1.099139568,-1.098598845569,-1.096008293602,-1.025847929721,-1.107986552006,-1.1116844,-1.1109961,-1.1113314,-1.1113314
-1.05330722,-1.091075869324,-1.105442039872,-1.086383508507,-1.05366495,-1.091578583,-1.091055769109,-1.08826650025,-1.008138191946,-1.098955038163,-1.1029761,-1.1022277,-1.1026124,-1.1026124
-1.04330188,-1.081750681295,-1.09730550428,-1.072364421968,-1.04535826,-1.084232271,-1.083727884271,-1.08077725585,-0.990419206333,-1.090076722684,-1.0944487,-1.0936337,-1.0940735,-1.0940735
-1.03342454,-1.072605551347,-1.089448214201,-1.060714219848,-1.03832906,-1.077158645,-1.076673056727,-1.073606991858,-0.973009705806,-1.081409256032,-1.0861616,-1.0852726,-1.0857737,-1.0857737
-1.02371738,-1.063683424069,-1.08191556379,-1.05101505195,-1.03238454,-1.070400968,-1.069934420949,-1.066801258883,-0.95612908211,-1.072996750858,-1.0781605,-1.0771895,-1.0777585,-1.0777585
-1.01421195,-1.055016581489,-1.074741293771,-1.042925891594,-1.02735949,-1.0639905,-1.063543251752,-1.060391783084,-0.939890081178,-1.064872702223,-1.0704805,-1.0694187,-1.0700628,-1.0700628
-1.00493144,-1.046628909083,-1.06794954967,-1.036167925301,-1.02311297,-1.057948602,-1.057520892504,-1.054397391272,-0.92432639186,-1.057062247648,-1.0631486,-1.0619862,-1.0627131,-1.0627131
-0.99589243,-1.038537657736,-1.06155644524,-1.030512767806,-1.01952507,-1.052288361,-1.051880477404,-1.048826942111,-0.909428625671,-1.049583920105,-1.0561851,-1.0549113,-1.055729,-1.055729
-0.98710624,-1.030754845376,-1.055571262478,-1.025772999579,-1.016494,-1.04701589,-1.046628086427,-1.043681206241,-0.895172382125,-1.042451020999,-1.0496051,-1.048208,-1.0491253,-1.0491253
-0.97858009,-1.023288310051,-1.049997393806,-1.021794433934,-1.01393348,-1.042131374,-1.041763901216,-1.038954342846,-0.881533114042,-1.035672682256,-1.0434194,-1.0418861,-1.0429121,-1.0429121
-0.97031785,-1.016142581269,-1.044833109096,-1.01845005089,-1.01177054,-1.037629977,-1.037283059011,-1.034635075737,-0.868490578911,-1.029254715596,-1.0376358,-1.0359518,-1.0370963,-1.0370963
-0.96232085,-1.009319562003,-1.040072211892,-1.015634913196,-1.0099434,-1.03350262,-1.033176395179,-1.030707745712,-0.856026591366,-1.023200273918,-1.0322593,-1.0304088,-1.031682,-1.031682
-0.95458833,-1.002819033311,-1.035704631556,-1.01326219029,-1.00839988,-1.029736697,-1.029431223324,-1.027153140043,-0.844122821421,-1.017510410882,-1.0272926,-1.0252585,-1.0266712,-1.0266712
-0.94711793,-0.996639141904,-1.031716984474,-1.01125988243,-1.0070959,-1.026316731,-1.026031948361,-1.023950278337,-0.832759838015,-1.012184472265,-1.0227369,-1.0205004,-1.022064,-1.022064
-0.93990605,-0.990776718608,-1.028093121699,-1.009568194379,-1.00599423,-1.023225003,-1.022960726745,-1.02107552211,-0.821914444315,-1.007220465227,-1.0185921,-1.0161326,-1.0178588,-1.0178588
-0.93294812,-0.985227570429,-1.024814670987,-1.008137354467,-1.00506343,-1.020442129,-1.020198037788,-1.01850508901,-0.811562721693,-1.002615329669,-1.0148568,-1.0121518,-1.0140531,-1.0140531
-0.92623882,-0.97998670883,-1.021861570729,-1.006925877304,-1.00427696,-1.017947611,-1.01772325149,-1.016214696075,-0.801680346525,-0.99836516005,-1.0115289,-1.008554,-1.0106432,-1.0106432
-0.9197723,-0.975048531485,-1.019212587557,-1.005899125983,-1.0036124,-1.015720337,-1.015515047117,-1.014180632127,-0.792243052065,-0.994465381321,-1.0086055,-1.005334,-1.0076245,-1.0076245
-0.9135423,-0.970406965443,-1.016845806326,-1.005028135505,-1.00305082,-1.013739036,-1.013552119935,-1.012379528951,-0.783227361306,-0.990910887161,-1.006083,-1.0024862,-1.0049918,-1.0049918
-0.90754225,-0.966055574229,-1.01473908072,-1.00428864476,-1.00257625,-1.011982661,-1.011813414489,-1.010789066843,-0.774610315605,-0.987696150514,-1.0039575,-1.0000042,-1.0027391,-1.0027391
-0.90176539,-0.961987664209,-1.01287043435,-1.003660300507,-1.0021752,-1.010430726,-1.010278176863,-1.009388264347,-0.766370193311,-0.984815298058,-1.0022246,-0.997881,-1.0008598,-1.0008598
-0.89620485,-0.958196326637,-1.011218404966,-1.003126001085,-1.00183626,-1.009063567,-1.008926670555,-1.008157347592,-0.75848596714,-0.982262192062,-1.0008796,-0.9961091,-0.999347,-0.999347
-0.89085368,-0.954674511906,-1.009762327701,-1.002671354688,-1.00154982,-1.007862546,-1.007740243226,-1.007078131825,-0.750937385221,-0.980030475094,-0.9999174,-0.9946808,-0.998193,-0.998193
-0.8857049,-0.951415072719,-1.008482556516,-1.002284231924,-1.00130775,-1.006810187,-1.006701371589,-1.006133779152,-0.743705187727,-0.978113617841,-0.9993329,-0.9935878,-0.9973899,-0.9973899
-0.88075159,-0.948410805193,-1.00736062608,-1.001954395934,-1.00110316,-1.005890273,-1.00579383319,-1.005308981883,-0.73677208643,-0.976504957922,-0.9991205,-0.9928213,-0.9969293,-0.9969293
-0.87598686,-0.945654485079,-1.006379358483,-1.001673196138,-1.00093027,-1.00508788,-1.00500264196,-1.004589864132,-0.730121357997,-0.975197733373,-0.9992745,-0.9923724,-0.9968024,-0.9968024
-0.87140395,-0.943138899772,-1.005522921075,-1.001433314279,-1.00078417,-1.004389386,-1.004314452613,-1.003963871593,-0.723738515603,-0.974185111399,-0.9997891,-0.9922318,-0.997,-0.997
-0.86699621,-0.940856876248,-1.004776842616,-1.001228553387,-1.0006607,-1.003782443,-1.003716739997,-1.003419777634,-0.717610971792,-0.973460212471,-1.0006582,-0.9923897,-0.9975128,-0.9975128
-0.86275713,-0.93880130478,-1.004127995327,-1.001053661847,-1.00055637,-1.003255929,-1.003198471265,-1.00294747797,-0.711727770994,-0.973016129599,-1.0018758,-0.9928363,-0.9983309,-0.9983309
-0.85868038,-0.93696515822,-1.003564550287,-1.000904186394,-1.00046822,-1.002799878,-1.002749735298,-1.002538023549,-0.706078634833,-0.972845942587,-1.0034355,-0.9935614,-0.9994442,-0.9994442
-0.85475982,-0.935341506695,-1.003075913081,-1.000776348883,-1.00039373,-1.002405408,-1.00236176243,-1.002183489169,-0.700655643756,-0.972942727157,-1.0053309,-0.9945545,-1.0008424,-1.0008424
-0.85098947,-0.933923527686,-1.002652645846,-1.000666942683,-1.0003308,-1.002064638,-1.002026730869,-1.001876838324,-0.695450976992,-0.97329955913,-1.0075556,-0.9958048,-1.0025146,-1.0025146
-0.84736358,-0.932704511758,-1.002286380938,-1.00057324537,-1.00027764,-1.001770598,-1.001737705898,-1.001611849145,-0.690457138221,-0.973909514227,-1.0101027,-0.9973012,-1.0044499,-1.0044499
-0.84387659,-0.931677864437,-1.001969730546,-1.000492945149,-1.00023273,-1.001517151,-1.001488670095,-1.001383134524,-0.685667998412,-0.974765664538,-1.0129655,-0.9990324,-1.0066368,-1.0066368
-0.84052314,-0.930837105093,-1.001696195669,-1.000424077541,-1.00019479,-1.001298907,-1.001274276744,-1.001185865388,-0.681076910769,-0.975861073118,-1.0161368,-1.0009869,-1.0090638,-1.0090638
-0.83729804,-0.930175863863,-1.001460077086,-1.000364972985,-1.00016275,-1.001111147,-1.001089865907,-1.001015882088,-0.676676703657,-0.977188788464,-1.0196096,-1.0031528,-1.0117188,-1.0117188
-0.83419633,-0.929687877811,-1.001256390238,-1.00031421327,-1.00013569,-1.000949746,-1.00093138445,-1.000869517159,-0.672461355715,-0.97874184065,-1.0233763,-1.005518,-1.0145895,-1.0145895
-0.8312132,-0.929366987444,-1.001080785359,-1.000270590759,-1.00011283,-1.000811113,-1.000795250212,-1.00074353505,-0.668423712626,-0.980513240615,-1.0274293,-1.00807,-1.0176632,-1.0176632
-0.82834401,-0.9292071345,-1.000929473649,-1.000233078647,-1.00009354,-1.00069212,-1.000678415422,-1.000635233373,-0.664556704796,-0.98249598358,-1.0317609,-1.0107964,-1.0209271,-1.0209271
-0.82558428,-0.92920236156,-1.000799159973,-1.000200799513,-1.00007724,-1.000590056,-1.000578224181,-1.000542158407,-0.660853604915,-0.984683056867,-1.0363631,-1.0136842,-1.0243679,-1.0243679
-0.8229297,-0.929346813652,-1.000686982147,-1.000173007347,-1.00006348,-1.000502566,-1.000492405166,-1.000462304491,-0.657307089775,-0.987067451699,-1.0412278,-1.0167206,-1.0279724,-1.0279724
-0.82037609,-0.929634741625,-1.000590456676,-1.000149064512,-1.00005186,-1.000427615,-1.000418811604,-1.000393690807,-0.653910045831,-0.989642177982,-1.0463468,-1.0198924,-1.031727,-1.031727
-0.81791942,-0.930060506809,-1.000507430629,-1.000128426015,-1.00004205,-1.000363441,-1.00035585278,-1.00033486951,-0.650655205346,-0.99240028078,-1.0517117,-1.0231866,-1.035618,-1.035618
-0.81555577,-0.930618586346,-1.000436039199,-1.000110625494,-1.00003377,-1.000308525,-1.000301961577,-1.000284437883,-0.647535889207,-0.995334857131,-1.0573143,-1.0265898,-1.0396318,-1.0396318
-0.81328139,-0.93130357856,-1.000374668435,-1.00009526346,-1.00002679,-1.000261555,-1.000255936728,-1.000241301661,-0.644545000527,-0.998439071993,-1.0631461,-1.0300889,-1.0437546,-1.0437546
-0.81109263,-0.932110207866,-1.000321922609,-1.000081997379,-1.00002089,-1.000221401,-1.00021654073,-1.000204307469,-0.641676090653,-1.00170617253,-1.0691987,-1.0336707,-1.0479728,-1.0479728
-0.80898599,-0.933033328825,-1.000276595696,-1.000070533314,-1.00001591,-1.000187091,-1.000182916679,-1.000172680025,-0.638922411676,-1.005129500185,-1.0754638,-1.0373221,-1.0522725,-1.0522725
-0.80695809,-0.934067929184,-1.000237646464,-1.000060618864,-1.00001171,-1.000157786,-1.000154148732,-1.000145574928,-0.636277859517,-1.008702500453,-1.081933,-1.04103,-1.0566403,-1.0566403
-0.80500567,-0.935209131832,-1.000204176735,-1.000052037197,-1.00000817,-1.000132769,-1.000129629628,-1.000122436323,-0.633736463997,-1.012418730453,-1.0885981,-1.0447814,-1.0610627,-1.0610627
-0.8031256,-0.936452195761,-1.000175412403,-1.00004460198,-1.00000518,-1.000111421,-1.000108723024,-1.000102688555,-0.631292516895,-1.016271864619,-1.0954509,-1.0485635,-1.0655263,-1.0655263
-0.80131487,-0.937792516165,-1.000150686886,-1.000038153074,-1.00000266,-1.00009321,-1.000090912576,-1.000085831723,-0.628940639021,-1.020255698885,-1.1024832,-1.0523636,-1.0700179,-1.0700179
-0.7995706,-0.939225623843,-1.000129426682,-1.000032552619,-1.00000054,-1.000077683,-1.000075711324,-1.000071436449,-0.626675608672,-1.02436415378,-1.1096871,-1.0561693,-1.0745246,-1.0745246
-0.79789001,-0.940747184091,-1.000111138782,-1.000027682919,-0.99999875,-1.000064449,-1.000062718307,-1.000059102669,-0.624492746212,-1.028591276779,-1.1170546,-1.0599683,-1.0790336,-1.0790336
-0.79627043,-0.942352995236,-1.000095399708,-1.000023442032,-0.99999724,-1.000053173,-1.000051654418,-1.000048592192,-0.62238719156,-1.032931244252,-1.1245778,-1.0637483,-1.0835321,-1.0835321
-0.79470933,-0.944038986951,-1.000081845981,-1.000019742718,-0.99999597,-1.000043568,-1.00004223498,-1.000039640488,-0.620354967618,-1.037378363206,-1.1322491,-1.0674976,-1.088008,-1.088008
-0.79320426,-0.945801218464,-1.000070165831,-1.000016510092,-0.99999489,-1.000035391,-1.000032846856,-1.000032050896,-0.618391752016,-1.041927073037,-1.1400609,-1.0712044,-1.092449,-1.092449
-0.79175288,-0.947635876729,-1.000060092008,-1.0000136799,-0.99999399,-1.00002843,-1.000027412569,-1.00002554621,-0.616493815463,-1.046571947377,-1.1480057,-1.0748574,-1.0968435,-1.0968435
-0.79035294,-0.949539274642,-1.000051395549,-1.00001119703,-0.99999323,-1.000022508,-1.00002173231,-1.000020131425,-0.614657575481,-1.051307696092,-1.1560761,-1.0784453,-1.1011797,-1.1011797
-0.78900231,-0.951507849305,-1.000043880389,-1.000009014226,-0.99999259,-1.000017469,-1.00001681937,-1.000015423727,-0.612879687106,-1.05612916747,-1.164265,-1.0819574,-1.1054464,-1.1054464
-0.78769891,-0.953538160391,-1.000037378695,-1.00000709098,-0.99999205,-1.000013185,-1.000012597591,-1.00001141296,-0.611156910683,-1.061031350575,-1.1725653,-1.085383,-1.1096327,-1.1096327
-0.78644079,-0.955626888587,-1.000031746844,-1.00000539257,-0.99999159,-1.000009542,-1.000009013719,-1.000007987418,-0.609486506101,-1.066009377727,-1.1809702,-1.0887119,-1.1137281,-1.1137281
-0.78522607,-0.957770834136,-1.000026861955,-1.000003889231,-0.99999121,-1.000006446,-1.000006011016,-1.000005102893,-0.607865718471,-1.071058527077,-1.1894729,-1.091934,-1.1177221,-1.1177221
-0.78405293,-0.959966915441,-1.000022618901,-1.000002555438,-0.99999088,-1.000003815,-1.000003421341,-1.000002649498,-0.606291609576,-1.076174225179,-1.1980669,-1.0950398,-1.1216049,-1.1216049
-0.78291965,-0.962212167736,-1.000018927743,-1.000001369292,-0.99999061,-1.00000158,-1.000001262232,-1.000000601588,-0.60476284549,-1.081352049532,-1.2067459,-1.09802,-1.1253668,-1.1253668
-0.78182458,-0.964503741778,-1.000015711522,-1.000000311984,-0.99999037,-0.999999682,-0.99999939345,-0.999998308705,-0.603276223337,-1.086587730978,-1.2155038,-1.1008655,-1.1289987,-1.1289987
-0.78076612,-0.96683890255,-1.000012904371,-0.999999367343,-0.99999018,-0.99999807,-0.999997853595,-0.999997341513,-0.601829858732,-1.09187715591,-1.2243344,-1.1035677,-1.1324916,-1.1324916
-0.77974278,-0.969215027941,-1.000010449894,-0.999998521443,-0.99999001,-0.999996703,-0.99999652295,-0.999996106319,-0.600421138151,-1.097216368209,-1.2332323,-1.1061183,-1.1358372,-1.1358372
-0.77875309,-0.971629607364,-1.000008299779,-0.99999776227,-0.99998987,-0.999995542,-0.99999503305,-0.999995010966,-0.599050302504,-1.102601570829,-1.2421917,-1.1085094,-1.1390272,-1.1390272
-0.77779566,-0.974080240312,-1.000006412617,-0.99999707944,-0.99998976,-0.999994558,-0.999994114974,-0.999993779062,-0.597713833681,-1.108029127004,-1.2512074,-1.1107333,-1.142054,-1.142054
-0.77686917,-0.976564634805,-1.000004752892,-0.999996463953,-0.99998966,-0.999993724,-0.999993328643,-0.999993033509,-0.596176615805,-1.113495561003,-1.2602744,-1.1127829,-1.1449101,-1.1449101
-0.77597235,-0.979080605714,-1.000003290117,-0.999995907997,-0.99998957,-0.999993017,-0.999992696626,-0.999992436998,-0.594932822205,-1.118997558391,-1.2693878,-1.114651,-1.1475885,-1.1475885
-0.77510396,-0.981626072959,-1.000001998105,-0.999995404771,-0.9999895,-0.999992418,-0.999992125297,-0.999991895806,-0.59371713922,-1.124531965791,-1.2785429,-1.1163312,-1.1500826,-1.1500826
-0.77426284,-0.984199059554,-1.000000854341,-0.999994948339,-0.99998944,-0.999991911,-0.999991649958,-0.999991436127,-0.5926872403,-1.130095790104,-1.2877355,-1.1178172,-1.152386,-1.152386
-0.77344789,-0.986797689499,-0.999999839451,-0.999994533511,-0.99998939,-0.999991482,-0.99999141565,-0.999991055224,-0.591362454199,-1.135686197194,-1.2969613,-1.1191029,-1.1544927,-1.1544927
-0.77265801,-0.989420185513,-0.999998936749,-0.999994155739,-0.99998935,-0.999991118,-0.999990898955,-0.999990880782,-0.590221975865,-1.141300510044,-1.3062164,-1.1201829,-1.156397,-1.156397
-0.7718922,-0.992064866629,-0.999998131857,-0.999993811031,-0.99998932,-0.999990811,-0.999990609562,-0.999990469409,-0.589106161494,-1.146936206428,-1.3154971,-1.1210516,-1.1580937,-1.1580937
-0.77114947,-0.994730145618,-0.999997412367,-0.999993495873,-0.99998929,-0.999990551,-0.999990434426,-0.999990310912,-0.588012853858,-1.15259091602,-1.3248001,-1.121704,-1.1595777,-1.1595777
-0.77042888,-0.997414526302,-0.999996767568,-0.999993207175,-0.99998926,-0.999990331,-0.999990214613,-0.999990103879,-0.586942487435,-1.158262417128,-1.3341219,-1.1221353,-1.1608442,-1.1608442
-0.76972953,-1.000116600731,-0.999996188207,-0.999992942206,-0.99998924,-0.999990145,-0.999990020505,-0.999990029774,-0.585893527392,-1.163948632967,-1.3434597,-1.1223409,-1.1618888,-1.1618888
-0.76905056,-1.002835046251,-0.999995666279,-0.999992698561,-0.99998922,-0.999989988,-0.999989964635,-0.999989781575,-0.58486560918,-1.169647627561,-1.3528107,-1.1223166,-1.1627071,-1.1627071
-0.76839115,-1.005568622483,-0.999995194858,-0.99999247411,-0.99998921,-0.999989855,-0.999989769503,-0.999989693082,-0.58385817024,-1.175357601331,-1.3621722,-1.1220583,-1.1632953,-1.1632953
-0.76775051,-1.008316168243,-0.999994767944,-0.999992266973,-0.9999892,-0.999989742,-0.999989650749,-0.999989581639,-0.582870313225,-1.181076886424,-1.3715418,-1.1215621,-1.1636496,-1.1636496
-0.76712789,-1.011076598359,-0.999994380335,-0.999992075482,-0.99998918,-0.999989647,-0.999989571026,-0.999989509728,-0.58190171355,-1.186803941695,-1.3809174,-1.1208244,-1.1637665,-1.1637665
-0.76652257,-1.013848900532,-0.999994027513,-0.99999189816,-0.99998918,-0.999989566,-0.999989499981,-0.99998944578,-0.580951698987,-1.192537347776,-1.3902969,-1.1198416,-1.1636425,-1.1636425
-0.76593386,-1.016632132093,-0.999993705556,-0.999991733698,-0.99998917,-0.999989497,-0.999989429587,-0.999989382466,-0.580019707548,-1.19827580168,-1.3996785,-1.1186105,-1.1632745,-1.1632745
-0.76536109,-1.019425416814,-0.99999341105,-0.999991580934,-0.99998916,-0.999989439,-0.9999893731,-0.999989331888,-0.579105286583,-1.204018111549,-1.4090606,-1.117128,-1.1626596,-1.1626596
-0.76480365,-1.022227941712,-0.999993141019,-0.999991438831,-0.99998915,-0.999989389,-0.999989338048,-0.999989301173,-0.578207907288,-1.209763191289,-1.4184417,-1.1153911,-1.1617948,-1.1617948
-0.76426091,-1.025038953894,-0.999992892868,-0.999991306469,-0.99998915,-0.999989347,-0.999989294215,-0.999989261268,-0.57732709489,-1.215510055171,-1.4278204,-1.1133968,-1.1606775,-1.1606775
-0.76373232,-1.027857757437,-0.999992664328,-0.999991183023,-0.99998914,-0.999989311,-0.999989258065,-0.999989229336,-0.576462384832,-1.221257812492,-1.4371956,-1.1111425,-1.1593051,-1.1593051
-0.76321731,-1.030683710333,-0.999992453411,-0.999991067758,-0.99998914,-0.99998928,-0.999989227036,-0.999989201899,-0.57561332328,-1.227005662279,-1.4465661,-1.1086255,-1.1576751,-1.1576751
-0.76271535,-1.033516221488,-0.999992258372,-0.99999096001,-0.99998913,-0.999989254,-0.999989212131,-0.999989190231,-0.574779501418,-1.232752888075,-1.4559312,-1.1058434,-1.155785,-1.155785
-0.76222596,-1.036354747812,-0.999992077678,-0.999990859184,-0.99998913,-0.999989232,-0.999989188641,-0.999989169108,-0.573960492025,-1.238498852818,-1.4652899,-1.1027935,-1.1536327,-1.1536327
-0.76174863,-1.039198791442,-0.999991909974,-0.999990764741,-0.99998913,-0.999989212,-0.999989176699,-0.999989159499,-0.573155904741,-1.244242993878,-1.4746416,-1.0994737,-1.1512159,-1.1512159
-0.76128292,-1.04204789672,-0.999991754064,-0.999990676194,-0.99998912,-0.999989196,-0.999989170263,-0.999989154771,-0.572365358966,-1.249984818229,-1.4839858,-1.0958816,-1.1485325,-1.1485325
-0.76082838,-1.044901648082,-0.999991608889,-0.999990593103,-0.99998912,-0.999989181,-0.999989152236,-0.999989138502,-0.571588482181,-1.255723897683,-1.4933219,-1.0920148,-1.1455802,-1.1455802
-0.76038459,-1.047759666979,-0.999991473506,-0.999990515065,-0.99998912,-0.999989169,-0.99998913689,-0.999989125094,-0.570824918693,-1.261459864483,-1.5026496,-1.0878713,-1.1423571,-1.1423571
-0.75995114,-1.050621609688,-0.999991347077,-0.999990441715,-0.99998911,-0.999989158,-0.999989124903,-0.999989117245,-0.570074327174,-1.267192406874,-1.5119686,-1.0834489,-1.1388612,-1.1388612
-0.75952766,-1.053487164918,-0.999991228851,-0.99999037272,-0.99998911,-0.999989148,-0.999989118361,-0.999989109481,-0.569336372234,-1.272921264954,-1.5212787,-1.0787454,-1.1350905,-1.1350905
-0.75911378,-1.056356051563,-0.999991118157,-0.999990307774,-0.99998911,-0.99998914,-0.999989110569,-0.999989102669,-0.5686107364,-1.278646226695,-1.5305798,-1.0737588,-1.1310429,-1.1310429
-0.75870914,-1.059228016562,-0.999991014402,-0.999990246597,-0.99998911,-0.999989133,-0.99998910364,-0.999989097792,-0.567897109856,-1.284367124115,-1.5398717,-1.0684869,-1.1267165,-1.1267165
-0.7583134,-1.062102832865,-0.999990917023,-0.999990188932,-0.9999891,-0.999989126,-0.999989099316,-0.999989093316,-0.56719519303,-1.290083829678,-1.5491545,-1.0629277,-1.1221094,-1.1221094
-0.75792626,-1.064980297495,-0.999990825551,-0.999990134545,-0.9999891,-0.999989121,-0.999989094545,-0.999989089589,-0.566504697444,-1.295796252839,-1.5584282,-1.0570791,-1.1172196,-1.1172196
-0.75754739,-1.067860229724,-0.999990739537,-0.999990083217,-0.9999891,-0.999989116,-0.999989099968,-0.99998909542,-0.565825343434,-1.301504336825,-1.5676929,-1.0509391,-1.1120452,-1.1120452
-0.75717651,-1.070742469322,-0.999990658578,-0.999990034748,-0.9999891,-0.999989111,-0.999989095259,-0.999989091598,-0.565156860386,-1.307208055516,-1.5769488,-1.0445056,-1.1065842,-1.1065842
-0.75681333,-1.073626874929,-0.999990582312,-0.999989988955,-0.9999891,-0.999989107,-0.99998909225,-0.999989088883,-0.56449898768,-1.31290741057,-1.586196,-1.0377766,-1.1008346,-1.1008346
-0.75645759,-1.076513322503,-0.999990510407,-0.999989945667,-0.99998909,-0.999989104,-0.999989088651,-0.999989086047,-0.563851471305,-1.318602428706,-1.5954348,-1.03075,-1.0947945,-1.0947945
-0.75610903,-1.079401703872,-0.999990442562,-0.999989904726,-0.99998909,-0.999989101,-0.99998908698,-0.999989084489,-0.563214067119,-1.324293159121,-1.6046654,-1.0234237,-1.0884618,-1.0884618
-0.7557674,-1.082291925366,-0.999990378501,-0.999989865986,-0.99998909,-0.999989098,-0.999989084676,-0.999989082619,-0.562586536186,-1.329979671113,-1.6138881,-1.0157956,-1.0818346,-1.0818346
-0.75543247,-1.085183906525,-0.999990317972,-0.999989829314,-0.99998909,-0.999989095,-0.999989083265,-0.99998908147,-0.561968650425,-1.33566205182,-1.6231033,-1.0078637,-1.0749108,-1.0749108
-0.75510401,-1.088077578911,-0.999990260742,-0.999989794624,-0.99998909,-0.999989093,-0.999989082029,-0.999989080286,-0.561360186715,-1.341340404155,-1.6323112,-0.9996257,-1.0676883,-1.0676883
-0.7547818,-1.090972884979,-0.9999902066,-0.999989761708,-0.99998909,-0.999989091,-0.999989080866,-0.999989079432,-0.560760928653,-1.347014844826,-1.6415121,-0.9910795,-1.060165,-1.060165
-0.75446565,-1.093869777035,-0.999990155349,-0.999989730511,-0.99998909,-0.999989089,-0.999989079953,-0.999989078896,-0.560170667959,-1.352685502548,-1.6507066,-0.9822231,-1.0523388,-1.0523388
-0.75415536,-1.096768216255,-0.999990106808,-0.999989700932,-0.99998908,-0.999989087,-0.999989079457,-0.999989078382,-0.559589200765,-1.358352516361,-1.6598949,-0.9730541,-1.0442076,-1.0442076
-0.75385073,-1.099668171773,-0.99999006081,-0.999989672877,-0.99998908,-0.999989086,-0.999989078014,-0.999989077146,-0.559016332076,-1.364016034066,-1.6690774,-0.9635704,-1.0357692,-1.0357692
-0.75355158,-1.102569619854,-0.999990017202,-0.999989646259,-0.99998908,-0.999989084,-0.999989078425,-0.999989077684,-0.55845186967,-1.369676210808,-1.6782545,-0.9537697,-1.0270214,-1.0270214
-0.75325775,-1.105472543091,-0.999989975839,-0.999989620996,-0.99998908,-0.999989083,-0.999989077785,-0.9999890771,-0.557895628453,-1.375333207727,-1.6874267,-0.9436498,-1.0179619,-1.0179619
-0.75296906,-1.108376929691,-0.999989936589,-0.999989597012,-0.99998908,-0.999989081,-0.999989078286,-0.999989077714,-0.557347428621,-1.380987190761,-1.6965944,-0.9332084,-1.0085886,-1.0085886
-0.75268536,-1.111282772808,-0.999989899327,-0.999989574234,-0.99998908,-0.99998908,-0.99998907828,-0.999989077506,-0.556807097342,-1.386638329525,-1.7057579,-0.9224432,-0.9988989,-0.9988989
-0.75240649,-1.114190069988,-0.999989863939,-0.999989552596,-0.99998908,-0.999989079,-0.999989078089,-0.999989077652,-0.556274462963,-1.392286796271,-1.7149176,-0.9113517,-0.9888908,-0.9888908
-0.75213231,-1.117098822262,-0.999989830316,-0.999989532035,-0.99998908,-0.999989078,-0.999989077723,-0.999989077478,-0.55574936141,-1.397932764988,-1.7240741,-0.8999318,-0.9785617,-0.9785617
-0.75186268,-1.120009034301,-0.99998979836,-0.999989512491,-0.99998908,-0.999989078,-0.999989071075,-0.999989069312,-0.555231634103,-1.403576410501,-1.7332277,-0.8881809,-0.9679094,-0.9679094
-0.75159746,-1.122920713259,-0.999989767975,-0.999989493909,-0.99998908,-0.999989077,-0.999989077305,-0.999989076998,-0.554721124861,-1.409217907732,-1.7423788,-0.8760966,-0.9569313,-0.9569313
-0.75133653,-1.125833868669,-0.999989739073,-0.999989476232,-0.99998908,-0.999989076,-0.999989076765,-0.999989076426,-0.554217682632,-1.414857430982,-1.7515278,-0.8636765,-0.9456251,-0.9456251
-0.75107976,-1.128748511969,-0.999989711573,-0.999989459419,-0.99998907,-0.999989075,-0.99998907638,-0.999989076252,-0.553721160533,-1.42049515329,-1.7606751,-0.8509181,-0.9339882,-0.9339882
-0.75082703,-1.131664656145,-0.999989685404,-0.99998944342,-0.99998907,-0.999989075,-0.999989075255,-0.99998907492,-0.553231416762,-1.42613124588,-1.7698211,-0.837819,-0.9220183,-0.9220183
-0.75057824,-1.134582315389,-0.99998966048,-0.99998942819,-0.99998907,-0.999989074,-0.999989077647,-0.999989077529,-0.552748313005,-1.431765877641,-1.7789662,-0.8243766,-0.9097127,-0.9097127
-0.75033326,-1.137501504791,-0.999989636741,-0.999989413688,-0.99998907,-0.999989074,-0.999989076047,-0.999989075773,-0.552271711763,-1.437399214648,-1.7881109,-0.8105884,-0.8970688,-0.8970688
-0.750092,-1.140422240071,-0.999989614121,-0.999989399875,-0.99998907,-0.999989074,-0.999989076358,-0.999989076591,-0.551801484326,-1.44303141977,-1.7972553,-0.7964517,-0.8840842,-0.8840842
-0.74985436,-1.143344537332,-0.999989592561,-0.999989386715,-0.99998907,-0.999989073,-0.999989071508,-0.999989072307,-0.551337501505,-1.44866265233,-1.8064,-0.7819641,-0.8707563,-0.8707563
-0.74962024,-1.146268412822,-0.999989572003,-0.999989374172,-0.99998907,-0.999989073,-0.999989077198,-0.999989077255,-0.550879639867,-1.454293067752,-1.8155453,-0.7671228,-0.8570823,-0.8570823
-0.74938954,-1.149193882751,-0.999989552395,-0.999989362214,-0.99998907,-0.999989072,-0.999989076908,-0.999989076954,-0.550427777981,-1.459922817313,-1.8246915,-0.7519254,-0.8430596,-0.8430596
-0.74916219,-1.152120963107,-0.999989533687,-0.99998935081,-0.99998907,-0.999989072,-0.999989077094,-0.99998907751,-0.549981797599,-1.465552047901,-1.8338389,-0.736369,-0.8286857,-0.8286857
-0.74893808,-1.155049669487,-0.99998951583,-0.999989339931,-0.99998907,-0.999989072,-0.999989077291,-0.999989077484,-0.549541585322,-1.471180901804,-1.842988,-0.7204511,-0.8139577,-0.8139577
-0.74871714,-1.157980016979,-0.999989498781,-0.999989329548,-0.99998907,-0.999989072,-0.999989077051,-0.999989069803,-0.549107027142,-1.476809516589,-1.8521389,-0.704169,-0.798873,-0.798873
-0.74849929,-1.160912020016,-0.999989482499,-0.999989319637,-0.99998907,-0.999989072,-0.999989077208,-0.999989077359,-0.548678016232,-1.482438024896,-1.861292,-0.6875199,-0.7834289,-0.7834289
-0.74828446,-1.163845692283,-0.999989466942,-0.999989310172,-0.99998907,-0.999989071,-0.999989041247,-0.999989077226,-0.548254446188,-1.488066554382,-1.8704477,-0.6705012,-0.7676225,-0.7676225
-0.74807256,-1.16678104663,-0.999989452074,-0.999989301131,-0.99998907,-0.999989071,-0.99998907782,-0.999989078072,-0.547836212088,-1.49369522763,-1.8796061,-0.65311,-0.7514513,-0.7514513
-0.74786354,-1.169718094984,-0.99998943786,-0.999989292492,-0.99998907,-0.999989071,-0.999989077562,-0.999989077125,-0.547423214597,-1.499324162087,-1.8887675,-0.6353437,-0.7349123,-0.7349123
-0.74765732,-1.172656848289,-0.999989424266,-0.999989284256,-0.99998907,-0.999989071,-0.999989077622,-0.999989077724,-0.547015355087,-1.504953470037,-1.8979323,-0.6171995,-0.7180029,-0.7180029
-0.74745383,-1.17559731646,-0.999989411263,-0.999989276359,-0.99998907,-0.999989071,-0.99998907821,-0.999989078403,-0.546612538071,-1.510583258592,-1.9071006,-0.5986746,-0.7007201,-0.7007201
-0.74725301,-1.178539508328,-0.999989398818,-0.999989268805,-0.99998907,-0.999989071,-0.99998906268,-0.999989062569,-0.546214670665,-1.516213629698,-1.9162728,-0.5797661,-0.6830613,-0.6830613
-0.74705481,-1.181483431617,-0.999989386906,-0.999989261578,-0.99998907,-0.999989071,-0.999989078356,-0.999989078354,-0.545821659724,-1.521844680138,-1.925449,-0.5604714,-0.6650235,-0.6650235
-0.74685915,-1.184429092934,-0.9999893755,-0.999989254659,-0.99998907,-0.999989071,-0.999989078417,-0.999989078189,-0.545433419097,-1.52747650164,-1.9346294,-0.5407875,-0.6466039,-0.6466039
-0.746666,-1.187376497726,-0.999989364575,-0.999989248035,-0.99998907,-0.999989071,-0.999989078354,-0.999989078341,-0.545049859863,-1.533109180852,-1.9438143,-0.5207117,-0.6277998,-0.6277998
-0.74647528,-1.190325650292,-0.999989354108,-0.999989241691,-0.99998907,-0.999989071,-0.999989078714,-0.999989078646,-0.544670898818,-1.538742799463,-1.9530039,-0.5002411,-0.6086082,-0.6086082
-0.74628696,-1.193276553789,-0.999989344076,-0.999989235613,-0.99998907,-0.999989071,-0.9999890787,-0.99998907859,-0.544296452865,-1.544377434273,-1.9621983,-0.4793729,-0.5890262,-0.5890262
-0.74610096,-1.196229210226,-0.999989334458,-0.999989229787,-0.99998907,-0.999989071,-0.999989074372,-0.999989074815,-0.543926441869,-1.5500131573,-1.9713978,-0.4581043,-0.5690511,-0.5690511
-0.74591726,-1.199184042898,-0.999989325236,-0.999989224203,-0.99998907,-0.99998907,-0.999989078499,-0.999989078541,-0.543560786601,-1.555650035859,-1.9806024,-0.4364323,-0.5486799,-0.5486799
-0.7457358,-1.20213978433,-0.999989316389,-0.999989218848,-0.99998907,-0.99998907,-0.999989078413,-0.999989078505,-0.543199410167,-1.561288132696,-1.9898124,-0.4143541,-0.5279098,-0.5279098
-0.74555653,-1.205097700448,-0.999989307901,-0.999989213711,-0.99998907,-0.99998907,-0.999989078519,-0.999989078594,-0.54284223856,-1.566927506101,-1.9990279,-0.3918669,-0.5067379,-0.5067379
-0.74537941,-1.208057366454,-0.999989301184,-0.999989208781,-0.99998907,-0.99998907,-0.999989078569,-0.999989078525,-0.542489197276,-1.572568741212,-2.008249,-0.3689677,-0.4851612,-0.4851612
-0.7452044,-1.211018778934,-0.999989291935,-0.999989204051,-0.99998907,-0.99998907,-0.999989078802,-0.999989078802,-0.542140215599,-1.578210294259,-2.017476,-0.3456538,-0.463177,-0.463177
-0.74503145,-1.213981933475,-0.999989284425,-0.999989199509,-0.99998907,-0.99998907,-0.999989078793,-0.999989078809,-0.541795223493,-1.583853804487,-2.0267088,-0.3219221,-0.4407823,-0.4407823
-0.74486053,-1.216946824699,-0.999989277212,-0.999989195147,-0.99998907,-0.99998907,-0.999989079065,-0.999989079078,-0.541454152417,-1.58949878251,-2.0359476,-0.2977699,-0.4179741,-0.4179741
-0.74469159,-1.219913446302,-0.999989270282,-0.999989190957,-0.99998907,-0.99998907,-0.999989078865,-0.999989078963,-0.541116935896,-1.595145266348,-2.0451926,-0.2731942,-0.3947497,-0.3947497
-0.7445246,-1.22288179109,-0.999989263623,-0.999989186932,-0.99998907,-0.99998907,-0.999989078898,-0.999989078884,-0.540783508342,-1.600793290395,-2.0544438,-0.2481922,-0.3711061,-0.3711061
-0.74435952,-1.225851853972,-0.999989257227,-0.999989183063,-0.99998907,-0.99998907,-0.999989079143,-0.999989079006,-0.540453807431,-1.606442889222,-2.0637013,-0.222761,-0.3470404,-0.3470404
-0.74419631,-1.228823587061,-0.999989251065,-0.999989179344,-0.99998907,-0.99998907,-0.999989079113,-0.999989079065,-0.540127769032,-1.612094079231,-2.0729652,-0.1968976,-0.3225497,-0.3225497
-0.74403495,-1.231797080223,-0.999989245149,-0.999989175768,-0.99998907,-0.99998907,-0.999989079295,-0.999989079336,-0.539805332718,-1.617746896494,-2.0822356,-0.1705992,-0.2976311,-0.2976311
-0.74387539,-1.23477222956,-0.999989239456,-0.999989172328,-0.99998907,-0.99998907,-0.999989079265,-0.999989079222,-0.5394864394,-1.623401358036,-2.0915125,-0.1438629,-0.2722817,-0.2722817
-0.7437176,-1.237749054281,-0.999989233979,-0.99998916902,-0.99998907,-0.99998907,-0.999989079387,-0.999989079395,-0.539171030377,-1.629057482588,-2.100796,-0.1166858,-0.2464986,-0.2464986
-0.74356156,-1.240727542754,-0.999989228708,-0.999989165836,-0.99998907,-0.99998907,-0.999989079122,-0.999989079095,-0.538859048845,-1.63471528591,-2.1100863,-0.089065,-0.2202789,-0.2202789
-0.74340722,-1.243708492428,-0.999989223634,-0.999989162772,-0.99998907,-0.99998907,-0.99998907947,-0.999989079475,-0.538550438884,-1.64037478117,-2.1193832,-0.0609976,-0.1936196,-0.1936196
-0.74325457,-1.246689461537,-0.999989224191,-0.999989159822,-0.99998907,-0.99998907,-0.999989079451,-0.999989079386,-0.538245146142,-1.646038154612,-2.128687,-0.0324807,-0.166518,-0.166518
-0.74310357,-1.249672865809,-0.999989214046,-0.999989156982,-0.99998907,-0.99998907,-0.99998907956,-0.999989079543,-0.537942247632,-1.651698888058,-2.1379975,-0.0035114,-0.138971,-0.138971
-0.74295419,-1.252657881851,-0.999989209516,-0.999989154246,-0.99998907,-0.99998907,-0.999989077918,-0.999989079612,-0.537644299643,-1.657363514318,-2.147315,0.0259131,-0.1109759,-0.1109759
-0.74280641,-1.255644495502,-0.999989205152,-0.999989151612,-0.99998907,-0.99998907,-0.999989079667,-0.999989079658,-0.537348642701,-1.663029862049,-2.1566393,0.0557958,-0.0825296,-0.0825296
-0.7426602,-1.258632692219,-0.999989200949,-0.999989149073,-0.99998907,-0.99998907,-0.999989079498,-0.999989079518,-0.537056096095,-1.668697935355,-2.1659706,0.0861396,-0.0536293,-0.0536293
-0.74251553,-1.261623358447,-0.999989196894,-0.999989146626,-0.99998907,-0.99998907,-0.999989079397,-0.999989079381,-0.536766610832,-1.674367729187,-2.1753088,0.1169473,-0.0242722,-0.0242722
-0.74237238,-1.264613740781,-0.999989200003,-0.999989144268,-0.99998907,-0.99998907,-0.999989076534,-0.999989075872,-0.536480139158,-1.680042142879,-2.184654,0.1482218,0.0055448,0.0055448
-0.74223072,-1.267606636356,-0.999989189221,-0.999989141995,-0.99998907,-0.99998907,-0.999989077162,-0.9999890789,-0.536196633923,-1.685712486822,-2.1940062,0.179966,0.0358244,0.0358244
-0.74209053,-1.270601011542,-0.999989188431,-0.999989139803,-0.99998907,-0.99998907,-0.99998907803,-0.999989077488,-0.535916049366,-1.691388620894,-2.2033654,0.2121828,0.0665696,0.0665696
-0.74195178,-1.273596896316,-0.999989186365,-0.999989137689,-0.99998907,-0.99998907,-0.999989079764,-0.999989079812,-0.535638339565,-1.697065894122,-2.2127316,0.2448751,0.0977832,0.0977832
-0.74181446,-1.276594270069,-0.999989178724,-0.999989135649,-0.99998907,-0.99998907,-0.999989076507,-0.999989076011,-0.53536346242,-1.702742485192,-2.2221049,0.2780457,0.1294682,0.1294682
-0.74167853,-1.279593110144,-0.999989175445,-0.999989133682,-0.99998907,-0.99998907,-0.999989078843,-0.999989079139,-0.535091372885,-1.708422541948,-2.2314853,0.3116975,0.1616274,0.1616274
-0.74154399,-1.282593422562,-0.99998917238,-0.999989131783,-0.99998907,-0.99998907,-0.99998907992,-0.999989079917,-0.534822029482,-1.714104329733,-2.2408727,0.3458334,0.1942636,0.1942636
-0.74141079,-1.285595164101,-0.999989169263,-0.99998912995,-0.99998907,-0.99998907,-0.999989073268,-0.999989079557,-0.534555390265,-1.719787725418,-2.2502671,0.3804564,0.2273799,0.2273799
-0.74127893,-1.288598291952,-0.999989166329,-0.999989128181,-0.99998907,-0.99998907,-0.999989078214,-0.999989078339,-0.534291414897,-1.725472818926,-2.2596686,0.4155691,0.2609789,0.2609789
-0.74114839,-1.291604847178,-0.999989170218,-0.999989126472,-0.99998907,-0.99998907,-0.99998907527,-0.999989074821,-0.534030063468,-1.731162462921,-2.2690772,0.4511746,0.2950637,0.2950637
-0.74101914,-1.294608914703,-0.999989160964,-0.999989124823,-0.99998907,-0.99998907,-0.999989076551,-0.999989076325,-0.533771297069,-1.736848046948,-2.2784928,0.4872756,0.3296371,0.3296371
-0.74089116,-1.297618428892,-0.999989162725,-0.99998912323,-0.99998907,-0.99998907,-0.999989079092,-0.999989078934,-0.533515077266,-1.742539980348,-2.2879155,0.5238751,0.3647019,0.3647019
-0.74076444,-1.300624933695,-0.999989160602,-0.999989121691,-0.99998907,-0.99998907,-0.999989073067,-0.999989072305,-0.53326075293,-1.748231826241,-2.2973452,0.5609758,0.400261,0.400261
-0.74063896,-1.303634959915,-0.999989153111,-0.999989120204,-0.99998907,-0.99998907,-0.999989079373,-0.999989064903,-0.533010128548,-1.753922868859,-2.3067819,0.5985808,0.4363173,0.4363173
-0.74051469,-1.306646360977,-0.999989150723,-0.999989118766,-0.99998907,-0.99998907,-0.999989079586,-0.999989079633,-0.532761326393,-1.75961769366,-2.3162257,0.6366928,0.4728737,0.4728737
-0.74039162,-1.309658988718,-0.999989148424,-0.999989117378,-0.99998907,-0.99998907,-0.999989079979,-0.999989080017,-0.532514925621,-1.765314099211,-2.3256765,0.6753147,0.509933,0.509933
-0.74026974,-1.312672960674,-0.999989146402,-0.999989116035,-0.99998907,-0.99998907,-0.999989077934,-0.999989077957,-0.532270891127,-1.771012146377,-2.3351343,0.7144493,0.547498,0.547498
-0.74014902,-1.315689626889,-0.999989144029,-0.999989114737,-0.99998907,-0.99998907,-0.999989080082,-0.999989080104,-0.532029188649,-1.776711556304,-2.344599,0.7540995,0.5855716,0.5855716
-0.74002945,-1.318704710863,-0.999989143863,-0.999989113482,-0.99998907,-0.99998907,-0.999989079823,-0.999989080021,-0.531789785557,-1.782413399387,-2.3540708,0.7942681,0.6241568,0.6241568
-0.73991101,-1.321723348915,-0.999989139902,-0.999989112268,-0.99998907,-0.99998907,-0.999989079738,-0.99998907972,-0.531552648685,-1.788115104225,-2.3635495,0.8349581,0.6632562,0.6632562
-0.73979369,-1.324741424074,-0.999989137941,-0.999989111093,-0.99998907,-0.99998907,-0.999989079948,-0.999989080067,-0.531317745209,-1.793819144432,-2.3730352,0.8761722,0.7028728,0.7028728
-0.73967747,-1.327761670898,-0.999989141645,-0.999989109957,-0.99998907,-0.99998907,-0.999989079606,-0.999989079928,-0.531084537234,-1.79952721036,-2.3825279,0.9179134,0.7430095,0.7430095
-0.73956233,-1.330783845644,-0.999989136358,-0.999989108857,-0.99998907,-0.99998907,-0.999989079857,-0.999989079877,-0.530854517034,-1.805232560555,-2.3920274,0.9601843,0.7836691,0.7836691
-0.73944826,-1.333805588841,-0.999989132508,-0.999989107793,-0.99998907,-0.99998907,-0.999989079409,-0.999989079488,-0.530626130035,-1.81094007072,-2.4015339,1.002988,0.8248543,0.8248543
-0.73933524,-1.336829295379,-0.999989130968,-0.999989106764,-0.99998907,-0.99998907,-0.999989080002,-0.999989080001,-0.530399364833,-1.816650003266,-2.4110472,1.0463272,0.8665682,0.8665682
-0.73922326,-1.33985419712,-0.999989134563,-0.999989105767,-0.99998907,-0.99998907,-0.99998907966,-0.9999890798,-0.530175661968,-1.822363716576,-2.4205675,1.0902048,0.9088135,0.9088135
-0.73911231,-1.342880221792,-0.999989130018,-0.999989104801,-0.99998907,-0.99998907,-0.999989080301,-0.999989080286,-0.529953522632,-1.828074975882,-2.4300946,1.1346237,0.951593,0.951593
-0.73900237,-1.345907389291,-0.999989126214,-0.999989103866,-0.99998907,-0.99998907,-0.99998908025,-0.999989080054,-0.529733409079,-1.833788007333,-2.4396285,1.1795866,0.9949096,0.9949096
-0.73889343,-1.348937401765,-0.999989124514,-0.999989102961,-0.99998907,-0.99998907,-0.999989079922,-0.999989079919,-0.529515293549,-1.839503331215,-2.4491693,1.2250964,1.0387662,1.0387662
-0.73878547,-1.351964981056,-0.999989126731,-0.999989102084,-0.99998907,-0.99998907,-0.999989080276,-0.999989080169,-0.529299148827,-1.845221806177,-2.4587168,1.2711559,1.0831656,1.0831656
-0.73867848,-1.354995393428,-0.999989123244,-0.999989101234,-0.99998907,-0.99998907,-0.999989080097,-0.999989080069,-0.529084948399,-1.850938888168,-2.4682712,1.3177681,1.1281106,1.1281106
-0.73857244,-1.358026869696,-0.999989120224,-0.999989100411,-0.99998907,-0.99998907,-0.999989080246,-0.99998907972,-0.528872666014,-1.856657561526,-2.4778324,1.3649357,1.1736041,1.1736041
-0.73846736,-1.361059432985,-0.999989118854,-0.999989099614,-0.99998907,-0.99998907,-0.999989079764,-0.999989079817,-0.52866227596,-1.862378248416,-2.4874003,1.4126615,1.2196489,1.2196489
-0.7383632,-1.364093020499,-0.999989117576,-0.999989098841,-0.99998907,-0.99998907,-0.999989079971,-0.999989080061,-0.528453753063,-1.86810024858,-2.4969749,1.4609485,1.2662478,1.2662478
-0.73825996,-1.367127600386,-0.999989116388,-0.999989098091,-0.99998907,-0.99998907,-0.999989072918,-0.999989080017,-0.528246662738,-1.873823546304,-2.5065563,1.5097993,1.3134037,1.3134037
-0.73815763,-1.370163219737,-0.999989115152,-0.999989097365,-0.99998907,-0.99998907,-0.99998908048,-0.99998908048,-0.528041807013,-1.879548051665,-2.5161444,1.559217,1.3611195,1.3611195
-0.73805619,-1.373199861721,-0.999989113954,-0.99998909666,-0.99998907,-0.99998907,-0.999989080472,-0.999989080482,-0.527839141096,-1.88527379755,-2.5257392,1.6092042,1.4093978,1.4093978
-0.73795564,-1.376237434951,-0.999989112821,-0.999989095977,-0.99998907,-0.99998907,-0.999989080407,-0.99998908035,-0.527637843026,-1.891000783114,-2.5353406,1.6597639,1.4582417,1.4582417
-0.73785596,-1.379276019203,-0.999989111723,-0.999989095315,-0.99998907,-0.99998907,-0.999989079712,-0.999989079728,-0.527438292393,-1.896728977077,-2.5449487,1.7108989,1.5076539,1.5076539
-0.73775714,-1.382315542014,-0.999989110656,-0.999989094673,-0.99998907,-0.99998907,-0.999989080424,-0.999989080429,-0.527240466749,-1.902458366293,-2.5545635,1.7626119,1.5576372,1.5576372
-0.73765917,-1.385356043887,-0.999989109622,-0.999989094049,-0.99998907,-0.99998907,-0.999989080476,-0.999989080432,-0.527043975155,-1.908188936501,-2.5641848,1.8149059,1.6081945,1.6081945
-0.73756203,-1.388397472734,-0.999989108631,-0.999989093444,-0.99998907,-0.99998907,-0.999989080455,-0.999989080446,-0.526849900151,-1.913920679013,-2.5738128,1.8677837,1.6593286,1.6593286
-0.73746573,-1.391439819546,-0.999989107757,-0.999989092857,-0.99998907,-0.99998907,-0.999989080563,-0.999989080565,-0.526657116235,-1.919653625671,-2.5834474,1.921248,1.7110424,1.7110424
-0.73737024,-1.394483045009,-0.999989106701,-0.999989092288,-0.99998907,-0.99998907,-0.999989080341,-0.999989080364,-0.526465970108,-1.925387582899,-2.5930885,1.9753018,1.7633386,1.7633386
-0.73727556,-1.397527206085,-0.999989105877,-0.999989091735,-0.99998907,-0.99998907,-0.999989080597,-0.999989080591,-0.526276440936,-1.931122787608,-2.6027363,2.0299478,1.8162201,1.8162201
-0.73718168,-1.400572280438,-0.999989104881,-0.999989091198,-0.99998907,-0.99998907,-0.999989080554,-0.999989080577,-0.526088508374,-1.936858976388,-2.6123905,2.0851889,1.8696898,1.8696898
-0.73708858,-1.403618190729,-0.999989104122,-0.999989090677,-0.99998907,-0.99998907,-0.99998907931,-0.99998908052,-0.525901819059,-1.942596400032,-2.6220513,2.1410279,1.9237504,1.9237504
-0.73699626,-1.406665002869,-0.999989103282,-0.999989090171,-0.99998907,-0.99998907,-0.999989080608,-0.999989080621,-0.525717352595,-1.94833483788,-2.6317186,2.1974677,1.9784048,1.9784048
-0.7369047,-1.40971266114,-0.999989102354,-0.99998908968,-0.99998907,-0.99998907,-0.999989080629,-0.999989080628,-0.525534090255,-1.954074267948,-2.6413924,2.254511,2.0336559,2.0336559
-0.73681391,-1.41276115662,-0.99998910169,-0.999989089203,-0.99998907,-0.99998907,-0.999989080503,-0.999989080602,-0.525352345845,-1.959814920708,-2.6510727,2.3121606,2.0895064,2.0895064
-0.73672386,-1.415810458496,-0.99998910103,-0.999989088739,-0.99998907,-0.99998907,-0.999989080639,-0.999989080455,-0.525171791656,-1.965556633251,-2.6607594,2.3704196,2.1459591,2.1459591
-0.73663455,-1.418860654244,-0.999989100208,-0.999989088289,-0.99998907,-0.99998907,-0.999989078599,-0.999989079086,-0.524993336284,-1.971299204665,-2.6704526,2.4292905,2.203017,2.203017
-0.73654597,-1.42191161344,-0.999989099554,-0.999989087851,-0.99998907,-0.99998907,-0.999989080661,-0.999989080322,-0.524815737632,-1.977042934638,-2.6801523,2.4887763,2.2606828,2.2606828
-0.73645811,-1.424963400478,-0.999989098618,-0.999989087426,-0.99998907,-0.99998907,-0.999989080152,-0.999989079794,-0.524639887178,-1.982787415369,-2.6898584,2.5488799,2.3189593,2.3189593
-0.73637096,-1.428015971398,-0.99998909804,-0.999989087013,-0.99998907,-0.99998907,-0.999989080424,-0.999989080606,-0.524465456947,-1.988533153833,-2.6995708,2.6096039,2.3778494,2.3778494
-0.73628452,-1.431069356329,-0.999989097285,-0.999989086611,-0.99998907,-0.99998907,-0.999989080592,-0.999989080568,-0.524292438833,-1.994279746048,-2.7092897,2.6709513,2.4373559,2.4373559
-0.73619877,-1.434123446503,-0.999989096769,-0.999989086221,-0.99998907,-0.99998907,-0.999989080637,-0.99998908071,-0.524120821412,-2.000027459091,-2.719015,2.7329249,2.4974817,2.4974817
-0.73611371,-1.437178387232,-0.999989096099,-0.999989085841,-0.99998907,-0.99998907,-0.999989080675,-0.999989080693,-0.523950846601,-2.005776003462,-2.7287466,2.7955274,2.5582295,2.5582295
-0.73602933,-1.440234165909,-0.999989095485,-0.999989085473,-0.99998907,-0.99998907,-0.99998908069,-0.999989080507,-0.523781953921,-2.011525531152,-2.7384846,2.8587618,2.6196022,2.6196022
-0.73594561,-1.44329046242,-0.99998909489,-0.999989085114,-0.99998907,-0.99998907,-0.999989080226,-0.999989080711,-0.523614404415,-2.017275998314,-2.748229,2.9226308,2.6816026,2.6816026
-0.73586256,-1.446347556561,-0.99998909431,-0.999989084765,-0.99998907,-0.99998907,-0.999989080581,-0.999989080513,-0.523447923737,-2.023027392508,-2.7579796,2.9871373,2.7442335,2.7442335
-0.73578017,-1.449405522479,-0.999989093667,-0.999989084426,-0.99998907,-0.99998907,-0.999989080738,-0.999989080706,-0.523283023853,-2.028779656881,-2.7677366,3.0522841,2.8074978,2.8074978
-0.73569842,-1.452464104065,-0.999989093199,-0.999989084096,-0.99998907,-0.99998907,-0.999989080547,-0.999989080604,-0.523119656202,-2.034532919522,-2.7774999,3.1180739,2.8713982,2.8713982
-0.73561731,-1.455523443357,-0.999989092666,-0.999989083775,-0.99998907,-0.99998907,-0.99998908054,-0.999989080487,-0.522957078722,-2.040287030381,-2.7872695,3.1845098,2.9359377,2.9359377
-0.73553683,-1.458583467308,-0.99998909216,-0.999989083462,-0.99998907,-0.99998907,-0.999989080343,-0.99998908003,-0.522796013365,-2.046042035203,-2.7970454,3.2515944,3.001119,3.001119
-0.73545698,-1.461644174264,-0.99998909157,-0.999989083158,-0.99998907,-0.99998907,-0.999989080542,-0.999989080516,-0.522636435965,-2.051797858056,-2.8068276,3.3193305,3.0669449,3.0669449
-0.73537774,-1.464705581809,-0.999989091162,-0.999989082863,-0.99998907,-0.99998907,-0.999989077241,-0.999989078524,-0.522477618023,-2.057554641148,-2.816616,3.3877211,3.1334183,3.1334183
-0.73529911,-1.46776767754,-0.999989090687,-0.999989082575,-0.99998907,-0.99998907,-0.999989080753,-0.999989080757,-0.5223202662,-2.063312231375,-2.8264106,3.4567689,3.200542,3.200542
-0.73522109,-1.470830445893,-0.999989090139,-0.999989082294,-0.99998907,-0.99998907,-0.999989079332,-0.999989079196,-0.522164114711,-2.069070621926,-2.8362115,3.5264768,3.2683188,3.2683188
-0.73514366,-1.47389387536,-0.999989089769,-0.999989082022,-0.99998907,-0.99998907,-0.999989078956,-0.999989080794,-0.522009164535,-2.074829939614,-2.8460186,3.5968475,3.3367515,3.3367515
-0.73506682,-1.476957970703,-0.999989089328,-0.999989081756,-0.99998907,-0.99998907,-0.999989080684,-0.999989080742,-0.521855388565,-2.080590037063,-2.855832,3.6678839,3.405843,3.405843
-0.73499057,-1.480022713341,-0.999989088898,-0.999989081498,-0.99998907,-0.99998907,-0.999989067257,-0.999989080183,-0.521702785157,-2.086350951356,-2.8656515,3.7395889,3.4755961,3.4755961
-0.73491489,-1.483088128023,-0.999989088477,-0.999989081246,-0.99998907,-0.99998907,-0.999989078992,-0.999989079072,-0.521551330768,-2.092112671557,-2.8754772,3.8119652,3.5460136,3.5460136
-0.73483978,-1.486154063868,-0.999989088068,-0.999989081099,-0.99998907,-0.99998907,-0.999989080355,-0.999989075383,-0.521401019787,-2.097875190414,-2.8853091,3.8850156,3.6170983,3.6170983
-0.73476523,-1.489220768854,-0.999989087665,-0.99998908086,-0.99998907,-0.99998907,-0.999989075564,-0.999989076517,-0.521251833914,-2.103638496651,-2.8951472,3.958743,3.6888531,3.6888531
-0.73469124,-1.492287968947,-0.999989087259,-0.999989082837,-0.99998907,-0.99998907,-0.999989078831,-0.999989078403,-0.521103973062,-2.109402587861,-2.9049914,4.0331502,3.7612807,3.7612807
-0.7346178,-1.495355833491,-0.999989086827,-0.999989080303,-0.99998907,-0.99998907,-0.999989080678,-0.999989080592,-0.520956804776,-2.115167394122,-2.9148418,4.1082401,3.8343841,3.8343841
-0.73454491,-1.498424413528,-0.999989086544,-0.999989080082,-0.99998907,-0.99998907,-0.999989080497,-0.999989080618,-0.520811125579,-2.120933085112,-2.9246983,4.1840154,3.9081659,3.9081659
-0.73447255,-1.501493506164,-0.999989086181,-0.999989079867,-0.99998907,-0.99998907,-0.999989080094,-0.999989080278,-0.520666130787,-2.126699465689,-2.934561,4.2604789,3.9826291,3.9826291
-0.73440072,-1.504563169877,-0.999989085832,-0.999989079658,-0.99998907,-0.99998907,-0.99998908054,-0.999989080137,-0.520522591572,-2.132466595194,-2.9444298,4.3376336,4.0577764,4.0577764
-0.73432943,-1.507633461361,-0.999989085497,-0.999989094466,-0.99998907,-0.99998907,-0.999989080112,-0.99998908012,-0.520379719469,-2.138234466621,-2.9543047,4.4154821,4.1336107,4.1336107
-0.73425865,-1.510704319366,-0.999989085163,-0.999989079255,-0.99998907,-0.99998907,-0.99998907867,-0.999989077997,-0.520238276406,-2.144003066753,-2.9641857,4.4940274,4.2101348,4.2101348
-0.73418839,-1.513775733604,-0.999989084841,-0.999989079061,-0.99998907,-0.99998907,-0.999989079938,-0.999989079886,-0.520097672156,-2.149772391232,-2.9740727,4.5732722,4.2873515,4.2873515
-0.73411863,-1.516847735371,-0.999989084533,-0.999989078872,-0.99998907,-0.99998907,-0.999989076215,-0.999989076881,-0.519957900702,-2.155542435948,-2.9839659,4.6532193,4.3652637,4.3652637
-0.73404939,-1.519920294976,-0.999989084221,-0.999989078688,-0.99998907,-0.99998907,-0.999989077362,-0.99998907739,-0.519819513803,-2.161313177779,-2.9938651,4.7338717,4.4438741,4.4438741
-0.73398064,-1.522993393626,-0.999989083925,-0.999989122394,-0.99998907,-0.99998907,-0.999989080654,-0.99998908087,-0.519681755426,-2.167084627524,-3.0037704,4.815232,4.5231855,4.5231855
-0.73391238,-1.526067079952,-0.999989083634,-0.999989078333,-0.99998907,-0.99998907,-0.999989060378,-0.999989060015,-0.519545347019,-2.172856766535,-3.0136818,4.8973032,4.6032009,4.6032009
-0.73384461,-1.529141285186,-0.999989083389,-0.999989117213,-0.99998907,-0.99998907,-0.999989059533,-0.999989060209,-0.519409731766,-2.178629631877,-3.0235992,4.9800881,4.683923,4.683923
-0.73377732,-1.532216028855,-0.999989083071,-0.999989077996,-0.99998907,-0.99998907,-0.999988852312,-0.999989058896,-0.51927509099,-2.184403094996,-3.0335227,5.0635893,4.7653546,4.7653546
-0.73371051,-1.535291309805,-0.999989082717,-0.999989116338,-0.99998907,-0.99998907,-0.999989060687,-0.999989050994,-0.519141402737,-2.190177215539,-3.0434521,5.1478099,4.8474986,4.8474986
-0.73364418,-1.538367116758,-0.999989082553,-0.999989077675,-0.99998907,-0.99998907,-0.999989079742,-0.999989079954,-0.51900849405,-2.195952117161,-3.0533876,5.2327526,4.9303578,4.9303578
-0.73357831,-1.54144344554,-0.999989082294,-0.99998917339,-0.99998907,-0.99998907,-0.999989077763,-0.999989077673,-0.518876688555,-2.201727611681,-3.0633292,5.3184202,5.0139349,5.0139349
-0.7335129,-1.544520226919,-0.999989082035,-0.999989077369,-0.99998907,-0.99998907,-0.999989057959,-0.999989048352,-0.518745974769,-2.207503751058,-3.0732767,5.4048155,5.0982329,5.0982329
-0.73344795,-1.547597639563,-0.99998908174,-0.999989171748,-0.99998907,-0.99998907,-0.999989050779,-0.999989058136,-0.518616011349,-2.213280490975,-3.0832302,5.4919414,5.1832545,5.1832545
-0.73338346,-1.550675459791,-0.999989081556,-0.999989077079,-0.99998907,-0.99998907,-0.999989080424,-0.99998908036,-0.518486957157,-2.219057964902,-3.0931897,5.5798006,5.2690025,5.2690025
-0.73331941,-1.553753837319,-0.999989081321,-0.999989076938,-0.99998907,-0.99998907,-0.999989061978,-0.999989062872,-0.518358792374,-2.224836027138,-3.1031552,5.6683961,5.3554798,5.3554798
-0.73325581,-1.556832706387,-0.999989081045,-0.99998914492,-0.99998907,-0.99998907,-0.999989062567,-0.99998906264,-0.518231521639,-2.230614645514,-3.1131267,5.7577305,5.4426892,5.4426892
-0.73319264,-1.55991199924,-0.999989080845,-0.999989119292,-0.99998907,-0.99998907,-0.999989061856,-0.999989060943,-0.51810513332,-2.236393977882,-3.1231041,5.8478068,5.5306335,5.5306335
-0.73312991,-1.562991834745,-0.999989080568,-0.999989076538,-0.99998907,-0.99998907,-0.999989056155,-0.999989056841,-0.517979611273,-2.242173851735,-3.1330875,5.9386278,5.6193156,5.6193156
-0.73306761,-1.566072155164,-0.999989080366,-0.999989298872,-0.99998907,-0.99998907,-0.999989061333,-0.999989062798,-0.517854946374,-2.247954348128,-3.1430769,6.0301962,5.7087382,5.7087382
-0.73300573,-1.569152965808,-0.999989080302,-0.999989076287,-0.99998907,-0.99998907,-0.999989064489,-0.999989062197,-0.517731137249,-2.253735600883,-3.1530721,6.1225149,5.7989041,5.7989041
-0.73294428,-1.572234206919,-0.99998908002,-0.999989464403,-0.99998907,-0.99998907,-0.999989064496,-0.999989065466,-0.517608171332,-2.259517221964,-3.1630734,6.2155866,5.8898162,5.8898162
-0.73288324,-1.57531591428,-0.999989079795,-0.999989076047,-0.99998907,-0.99998907,-0.999989064696,-0.999989064038,-0.517486040231,-2.265299469358,-3.1730805,6.3094144,5.9814773,5.9814773
-0.73282262,-1.578397999746,-0.999989079617,-0.999989075932,-0.99998907,-0.99998907,-0.999989065221,-0.999989064933,-0.517364735312,-2.271082363163,-3.1830936,6.4040008,6.0738903,6.0738903
-0.7327624,-1.581480700265,-0.999989079528,-0.999989075819,-0.99998907,-0.99998907,-0.999989051463,-0.999989057163,-0.517244251581,-2.276865919484,-3.1931126,6.4993488,6.1670578,6.1670578
-0.73270259,-1.584563846044,-0.999989079287,-0.999989075709,-0.99998907,-0.99998907,-0.999989064781,-0.999989061313,-0.517124570866,-2.282649865203,-3.2031375,6.5954612,6.2609828,6.2609828
-0.73264318,-1.58764727464,-0.999989079154,-0.999989450824,-0.99998907,-0.99998907,-0.999989065674,-0.999989065261,-0.517005694929,-2.288434497408,-3.2131684,6.6923408,6.3556681,6.3556681
-0.73258416,-1.59073128584,-0.999989078867,-0.99998944822,-0.99998907,-0.99998907,-0.999989063942,-0.999989065839,-0.516887612351,-2.29421949158,-3.2232051,6.7899904,6.4511165,6.4511165
-0.73252554,-1.593815731674,-0.999989078822,-0.999989181402,-0.99998907,-0.99998907,-0.999989064465,-0.999989062982,-0.516770315543,-2.300005338211,-3.2332477,6.8884128,6.5473308,6.5473308
-0.7324673,-1.596900567908,-0.99998907865,-0.9999891806,-0.99998907,-0.99998907,-0.999989066185,-0.999989064606,-0.516653796362,-2.305791555686,-3.2432962,6.9876108,6.6443138,6.6443138
-0.73240945,-1.599985503937,-0.999989078427,-0.999989179807,-0.99998907,-0.99998907,-0.999989064966,-0.999989065331,-0.516538047094,-2.311578190358,-3.2533506,7.0875873,6.7420683,6.7420683
-0.73235198,-1.603071627835,-0.999989078238,-0.999989075101,-0.99998907,-0.99998907,-0.999989064107,-0.999989064415,-0.516423060341,-2.317365554584,-3.2634108,7.1883451,6.8405972,6.8405972
-0.73229489,-1.606157563878,-0.99998907811,-0.999989075007,-0.99998907,-0.99998907,-0.999989065654,-0.999989062242,-0.516308828445,-2.323153432898,-3.2734769,7.289887,6.9399033,6.9399033
-0.73223817,-1.609244086417,-0.999989077962,-0.999989074916,-0.99998907,-0.99998907,-0.999988998399,-0.99998897672,-0.516195346807,-2.328941809539,-3.2835489,7.3922158,7.0399894,7.0399894
-0.73218182,-1.612331019155,-0.999989077814,-0.999989074826,-0.99998907,-0.99998907,-0.999989066209,-0.999989066062,-0.516082599422,-2.334730701192,-3.2936267,7.4953343,7.1408582,7.1408582
-0.73212584,-1.615418362301,-0.999989077662,-0.999989074739,-0.99998907,-0.99998907,-0.999989024636,-0.999989061357,-0.515970590963,-2.34052010006,-3.3037104,7.5992454,7.2425128,7.2425128
-0.73207022,-1.618506102209,-0.999989077483,-0.999989074653,-0.99998907,-0.99998907,-0.999989065184,-0.999989065638,-0.51585930248,-2.346309973144,-3.3137999,7.7039518,7.3449557,7.3449557
-0.73201496,-1.621594246471,-0.999989077386,-0.99998907457,-0.99998907,-0.99998907,-0.999989066915,-0.999989051795,-0.515748735656,-2.352100446376,-3.3238952,7.8094565,7.4481899,7.4481899
-0.73196005,-1.624682780398,-0.999989077246,-0.999989074488,-0.99998907,-0.99998907,-0.999989063913,-0.999989066627,-0.515638880508,-2.357891366295,-3.3339964,7.9157621,7.5522182,7.5522182
-0.7319055,-1.627771712115,-0.999989077116,-0.999989074409,-0.99998907,-0.99998907,-0.99998906092,-0.999989058804,-0.515529730373,-2.363682789294,-3.3441034,8.0228715,7.6570434,7.6570434
-0.73185129,-1.630861029008,-0.999989076996,-0.999989074331,-0.99998907,-0.99998907,-0.999989066147,-0.999989059538,-0.515421278298,-2.369474721534,-3.3542162,8.1307875,7.7626682,7.7626682
-0.73179743,-1.633950732025,-0.999989076862,-0.999989074254,-0.99998907,-0.99998907,-0.999989062666,-0.99998905813,-0.515313517897,-2.375267106353,-3.3643348,8.239513,7.8690957,7.8690957
-0.73174392,-1.637040812494,-0.999989076735,-0.99998907418,-0.99998907,-0.99998907,-0.999989060055,-0.999989060488,-0.515206442167,-2.381059984168,-3.3744593,8.3490508,7.9763284,7.9763284
-0.73169074,-1.640131275819,-0.999989076613,-0.999989074107,-0.99998907,-0.99998907,-0.999989058066,-0.999989061871,-0.51510004521,-2.38685334328,-3.3845895,8.4594036,8.0843693,8.0843693
-0.73163789,-1.643222114155,-0.999989076496,-0.999989074035,-0.99998907,-0.99998907,-0.999989059804,-0.999989058723,-0.514994320035,-2.392647187682,-3.3947256,8.5705743,8.1932212,8.1932212
-0.73158538,-1.646313313762,-0.999989076379,-0.999989073966,-0.99998907,-0.99998907,-0.999989059698,-0.999989063954,-0.514889260478,-2.398441477933,-3.4048674,8.6825657,8.3028869,8.3028869
-0.7315332,-1.649404884726,-0.99998907627,-0.999989073897,-0.99998907,-0.99998907,-0.999989058126,-0.999989057775,-0.514784860209,-2.404236257949,-3.415015,8.7953807,8.4133692,8.4133692
-0.73148135,-1.652496817508,-0.999989076155,-0.999989073831,-0.99998907,-0.99998907,-0.99998906248,-0.99998905227,-0.514681113088,-2.410031472143,-3.4251684,8.909022,8.5246709,8.5246709
-0.73142982,-1.655589113026,-0.999989076046,-0.999989073765,-0.99998907,-0.99998907,-0.999988490946,-0.999989060787,-0.514578013036,-2.415827152842,-3.4353276,9.0234924,8.6367949,8.6367949
-0.7313786,-1.658681757224,-0.99998907594,-0.999989073701,-0.99998907,-0.99998907,-0.999989066117,-0.999989045624,-0.514475553919,-2.421623287245,-3.4454925,9.1387949,8.7497439,8.7497439
-0.73132771,-1.661774760167,-0.999989075833,-0.999989073639,-0.99998907,-0.99998907,-0.999989059295,-0.999989059724,-0.514373729838,-2.427419866262,-3.4556632,9.2549321,8.8635208,8.8635208
-0.73127713,-1.664868117925,-0.999989075764,-0.999989073577,-0.99998907,-0.99998907,-0.999989067728,-0.999989068987,-0.514272534936,-2.433216936159,-3.4658397,9.3719069,8.9781283,8.9781283
-0.73122686,-1.667961805538,-0.999989075635,-0.999989073518,-0.99998907,-0.99998907,-0.999989069894,-0.999989069988,-0.51417196336,-2.439014359255,-3.476022,9.4897222,9.0935694,9.0935694
-0.7311769,-1.671055846285,-0.999989075536,-0.999989073459,-0.99998907,-0.99998907,-0.999989068183,-0.99998906863,-0.514072005341,-2.444812257334,-3.4862099,9.6083806,9.2098468,9.2098468
-0.73112725,-1.67415023156,-0.999989075443,-0.999989073402,-0.99998907,-0.99998907,-0.999989067645,-0.999989068622,-0.513972667289,-2.450610592752,-3.4964037,9.7278852,9.3269634,9.3269634
-0.7310779,-1.677244944953,-0.99998907535,-0.999989073345,-0.99998907,-0.99998907,-0.999989068836,-0.999989069721,-0.513873931509,-2.456409352938,-3.5066032,9.8482386,9.4449219,9.4449219
-0.73102885,-1.680339995836,-0.999989075257,-0.999989073291,-0.99998907,-0.99998907,-0.999989070445,-0.999989067083,-0.51377579585,-2.462208530947,-3.5168084,9.9694436,9.5637251,9.5637251
-0.73098009,-1.683435376044,-0.999989075168,-0.999989073237,-0.99998907,-0.99998907,-0.999989071534,-0.999989071201,-0.513678256431,-2.468008135643,-3.5270193,10.0915032,9.683376,9.683376
-0.73093163,-1.686531085633,-0.99998907508,-0.999989073184,-0.99998907,-0.99998907,-0.999989068419,-0.999989070133,-0.513581306866,-2.47380815278,-3.537236,10.2144201,9.8038772,9.8038772
-0.73088347,-1.689627121735,-0.999989074993,-0.999989073133,-0.99998907,-0.99998907,-0.999989071192,-0.999989071171,-0.513484941594,-2.479608580896,-3.5474584,10.3381971,9.9252317,9.9252317
-0.73083559,-1.692723474727,-0.999989074918,-0.999989073082,-0.99998907,-0.99998907,-0.999989068739,-0.99998907176,-0.513389155541,-2.485409431132,-3.5576865,10.4628371,10.0474422,10.0474422
-0.730788,-1.69582015128,-0.99998907483,-0.999989073033,-0.99998907,-0.99998907,-0.99998906075,-0.999989070933,-0.513293925298,-2.491210667604,-3.5679204,10.5883428,10.1705115,10.1705115
-0.73074069,-1.69891713823,-0.99998907477,-0.999989072984,-0.99998907,-0.99998907,-0.999989067988,-0.999989065166,-0.513199300241,-2.497012337302,-3.57816,10.7147171,10.2944425,10.2944425
-0.73069366,-1.702014441526,-0.999989074672,-0.999989072937,-0.99998907,-0.99998907,-0.999989068581,-0.999989063491,-0.513105219944,-2.502814359981,-3.5884052,10.8419628,10.419238,10.419238
-0.73064692,-1.705112052576,-0.999989074599,-0.99998907289,-0.99998907,-0.99998907,-0.999989071577,-0.999989063595,-0.513011700818,-2.50861680111,-3.5986562,10.9700827,10.5449007,10.5449007
-0.73060045,-1.708209981694,-0.999989074518,-0.999989072845,-0.99998907,-0.99998907,-0.999989070412,-0.999989069009,-0.512918732716,-2.514419624282,-3.6089129,11.0990797,10.6714336,10.6714336
-0.73055426,-1.711308203106,-0.999989074441,-0.9999890728,-0.99998907,-0.99998907,-0.999989068529,-0.999989066659,-0.512826316828,-2.520222836692,-3.6191752,11.2289564,10.7988394,10.7988394
-0.73050833,-1.714406728244,-0.99998907437,-0.999989072757,-0.99998907,-0.99998907,-0.999989067215,-0.999989062471,-0.512734442268,-2.526026440198,-3.6294433,11.3597158,10.9271209,10.9271209
-0.73046268,-1.717505559253,-0.999989074297,-0.999989072714,-0.99998907,-0.99998907,-0.99998906451,-0.999989062177,-0.512643107116,-2.531830416672,-3.639717,11.4913607,11.056281,11.056281
-0.73041729,-1.720604677276,-0.999989074234,-0.999989072672,-0.99998907,-0.99998907,-0.999989066235,-0.99998906532,-0.512552309295,-2.537634788301,-3.6499964,11.6238938,11.1863225,11.1863225
-0.73037217,-1.723704096873,-0.999989074163,-0.999989072631,-0.99998907,-0.99998907,-0.999989065474,-0.999989066515,-0.5124620395,-2.543439514908,-3.6602816,11.7573181,11.3172481,11.3172481
-0.73032731,-1.726803804152,-0.9999890741,-0.999989072591,-0.99998907,-0.99998907,-0.999989068759,-0.999989069621,-0.512372294971,-2.549244625504,-3.6705723,11.8916362,11.4490607,11.4490607
-0.73028271,-1.729903805304,-0.999989074026,-0.999989072552,-0.99998907,-0.99998907,-0.9999890641,-0.999989064432,-0.512283070889,-2.555050083364,-3.6808688,12.0268511,11.5817632,11.5817632
-0.73023837,-1.73300408692,-0.999989073967,-0.999989072513,-0.99998907,-0.99998907,-0.999989064468,-0.999989063506,-0.51219436193,-2.560855920149,-3.6911709,12.1629655,11.7153583,11.7153583
-0.73019429,-1.736104650112,-0.9999890739,-0.999989072475,-0.99998907,-0.99998907,-0.99998889694,-0.999988994012,-0.512106166973,-2.566662112849,-3.7014787,12.2999823,11.8498488,11.8498488
-0.73015045,-1.739205505545,-0.999989073838,-0.999989072438,-0.99998907,-0.99998907,-0.999989067066,-0.999989067474,-0.512018478313,-2.5724686716,-3.7117922,12.4379042,11.9852375,11.9852375
-0.73010687,-1.742306628793,-0.999989073777,-0.999989072402,-0.99998907,-0.99998907,-0.999989063001,-0.999989069185,-0.511931290864,-2.578275580787,-3.7221113,12.5767342,12.1215274,12.1215274
-0.73006354,-1.745408062887,-0.999989073723,-0.999989072366,-0.99998907,-0.99998907,-0.999989064487,-0.99998906767,-0.51184460472,-2.58408284366,-3.732436,12.7164749,12.2587211,12.2587211
-0.73002046,-1.748509713998,-0.999989073669,-0.999989072332,-0.99998907,-0.99998907,-0.999989065342,-0.999989061632,-0.511758410749,-2.589890462259,-3.7427665,12.8571292,12.3968215,12.3968215
-0.72997762,-1.751611670958,-0.999989073615,-0.999989072297,-0.99998907,-0.99998907,-0.999989062001,-0.999989054999,-0.511672708983,-2.59569842404,-3.7531025,12.9987,12.5358315,12.5358315
-0.72993502,-1.754713894858,-0.999989073552,-0.999989072264,-0.99998907,-0.99998907,-0.999989061747,-0.999989066232,-0.511587491736,-2.601506715172,-3.7634442,13.14119,12.6757538,12.6757538
-0.72989266,-1.757816382988,-0.999989073499,-0.999989072231,-0.99998907,-0.99998907,-0.999989060202,-0.999989064515,-0.511502756794,-2.607315358035,-3.7737916,13.2846021,12.8165912,12.8165912
-0.72985054,-1.760919135012,-0.999989073444,-0.999989072199,-0.99998907,-0.99998907,-0.999989066569,-0.99998906098,-0.511418499291,-2.613124345119,-3.7841446,13.428939,12.9583466,12.9583466
-0.72980866,-1.764022152035,-0.999989073392,-0.999989072167,-0.99998907,-0.99998907,-0.999989068002,-0.999989066293,-0.511334715471,-2.618933653177,-3.7945032,13.5742036,13.1010227,13.1010227
-0.72976702,-1.767125432156,-0.999989073344,-0.999989072136,-0.99998907,-0.99998907,-0.999989063848,-0.999989061543,-0.511251401329,-2.624743304361,-3.8048674,13.7203987,13.2446225,13.2446225
-0.7297256,-1.770228964909,-0.999989073288,-0.999989072106,-0.99998907,-0.99998907,-0.999989065813,-0.999989065208,-0.511168553079,-2.630553272176,-3.8152373,13.8675271,13.3891486,13.3891486
-0.72968442,-1.773332756164,-0.999989073238,-0.999989072076,-0.99998907,-0.99998907,-0.999989056699,-0.999989059506,-0.51108616643,-2.636363584198,-3.8256128,14.0155917,13.534604,13.534604
-0.72964347,-1.77643681477,-0.999989073195,-0.999989072047,-0.99998907,-0.99998907,-0.999989059788,-0.999989057986,-0.511004238239,-2.642174208211,-3.8359939,14.1645952,13.6809914,13.6809914
-0.72960274,-1.779541099802,-0.999989073147,-0.999989072018,-0.99998907,-0.99998907,-0.999989054825,-0.999989068414,-0.510922762329,-2.647985155261,-3.8463806,14.3145404,13.8283136,13.8283136
-0.72956224,-1.78264564792,-0.999989073097,-0.99998907199,-0.99998907,-0.99998907,-0.99998906797,-0.999989055197,-0.510841740279,-2.653796416235,-3.856773,14.4654302,13.9765735,13.9765735
-0.72952196,-1.785750443114,-0.999989073053,-0.999989071963,-0.99998907,-0.99998907,-0.999989067218,-0.999989067843,-0.510761163194,-2.659607999277,-3.867171,14.6172675,14.1257739,14.1257739
-0.7294819,-1.788855482905,-0.999989073009,-0.999989071936,-0.99998907,-0.99998907,-0.999989059871,-0.999989063219,-0.510681011492,-2.665419898193,-3.8775745,14.7700549,14.2759175,14.2759175
-0.72944207,-1.791960767097,-0.999989072961,-0.999989071909,-0.99998907,-0.99998907,-0.99998906817,-0.999989068861,-0.510601334517,-2.671232097205,-3.8879837,14.9237953,14.4270073,14.4270073
-0.72940245,-1.795066294921,-0.999989072919,-0.999989071883,-0.99998907,-0.99998907,-0.999989068362,-0.999989064829,-0.510522075628,-2.677044613665,-3.8983985,15.0784915,14.579046,14.579046
-0.72936304,-1.798172059494,-0.99998907288,-0.999989071858,-0.99998907,-0.99998907,-0.999989066852,-0.999989067937,-0.510443247804,-2.682857437013,-3.9088189,15.2341464,14.7320364,14.7320364
-0.72932385,-1.801278063088,-0.999989072837,-0.999989071833,-0.99998907,-0.99998907,-0.999989068601,-0.999988989491,-0.510364851032,-2.688670560128,-3.9192448,15.3907627,14.8859813,14.8859813
-0.72928487,-1.804384304872,-0.999989072795,-0.999989071808,-0.99998907,-0.99998907,-0.999989056548,-0.999989066279,-0.510286878292,-2.694483979749,-3.9296764,15.5483433,15.0408836,15.0408836
-0.72924611,-1.807490779359,-0.999989072758,-0.999989071784,-0.99998907,-0.99998907,-0.999989066316,-0.999989062584,-0.510209327006,-2.7002977097,-3.9401135,15.706891,15.1967461,15.1967461
-0.72920755,-1.810597481071,-0.999989072715,-0.999989071761,-0.99998907,-0.99998907,-0.999989066392,-0.999989060319,-0.510132166144,-2.70611172282,-3.9505563,15.8664086,15.3535716,15.3535716
-0.7291692,-1.813704415653,-0.999989072677,-0.999989071737,-0.99998907,-0.99998907,-0.99998907138,-0.999989068456,-0.510055476822,-2.711926034935,-3.9610046,16.0268989,15.5113629,15.5113629
-0.72913106,-1.816811577882,-0.99998907263,-0.999989071715,-0.99998907,-0.99998907,-0.999989069758,-0.999989060958,-0.509979170205,-2.717740629976,-3.9714585,16.1883647,15.6701228,15.6701228
-0.72909312,-1.81991896888,-0.999989072602,-0.999989071692,-0.99998907,-0.99998907,-0.999989060241,-0.999989070352,-0.509903272798,-2.723555531879,-3.981918,16.3508088,15.8298541,15.8298541
-0.72905538,-1.823026584515,-0.999989072565,-0.99998907167,-0.99998907,-0.99998907,-0.999989059964,-0.999989068329,-0.509827780003,-2.729370711113,-3.9923831,16.5142341,15.9905596,15.9905596
-0.72901784,-1.826134419282,-0.999989072523,-0.999989071649,-0.99998907,-0.99998907,-0.999989062969,-0.999989071272,-0.50975268899,-2.73518616564,-4.0028537,16.6786434,16.1522423,16.1522423
-0.7289805,-1.829242480734,-0.999989072509,-0.999989071628,-0.99998907,-0.99998907,-0.999989055219,-0.999989067342,-0.509677995354,-2.741001941317,-4.0133299,16.8440395,16.3149048,16.3149048
-0.72894336,-1.832350752392,-0.999989072493,-0.999989071607,-0.99998907,-0.99998907,-0.999989064947,-0.999989056857,-0.509603699156,-2.746818000696,-4.0238117,17.0104251,16.4785499,16.4785499
-0.72890642,-1.835459247473,-0.999989072427,-0.999989071587,-0.99998907,-0.99998907,-0.999989064922,-0.999989061667,-0.509529794727,-2.752634250614,-4.0342991,17.1778031,16.6431806,16.6431806
-0.72886967,-1.838567963766,-0.999989072394,-0.999989071567,-0.99998907,-0.99998907,-0.999989055235,-0.999988878608,-0.509456279405,-2.758450830977,-4.044792,17.3461764,16.8087996,16.8087996
-0.72883311,-1.841676881508,-0.99998907236,-0.999989071547,-0.99998907,-0.99998907,-0.999989067843,-0.999989068204,-0.509383150215,-2.764267681929,-4.0552904,17.5155477,16.9754097,16.9754097
-0.72879675,-1.844786019458,-0.999989072331,-0.999989071528,-0.99998907,-0.99998907,-0.999989066199,-0.99998906746,-0.509310402797,-2.770084812026,-4.0657945,17.6859198,17.1430137,17.1430137
-0.72876057,-1.847895368581,-0.999989072289,-0.999989071509,-0.99998907,-0.99998907,-0.999989068476,-0.999989071133,-0.509238037896,-2.775902192177,-4.0763041,17.8572956,17.3116145,17.3116145
-0.72872458,-1.851004916313,-0.999989072265,-0.999989071491,-0.99998907,-0.99998907,-0.999989067642,-0.999989066098,-0.50916604887,-2.781719860084,-4.0868192,18.0296779,17.4812149,17.4812149
-0.72868878,-1.854114684848,-0.999989072235,-0.999989071472,-0.99998907,-0.99998907,-0.999989057871,-0.9999890698,-0.509094434008,-2.787537785449,-4.0973399,18.2030695,17.6518176,17.6518176
-0.72865317,-1.857224680681,-0.999989072204,-0.999989071454,-0.99998907,-0.99998907,-0.999989065869,-0.99998906398,-0.5090231741,-2.793355972159,-4.1078661,18.3774731,17.8234256,17.8234256
-0.72861774,-1.860334826037,-0.999989072176,-0.999989071437,-0.99998907,-0.99998907,-0.999989060788,-0.999989069286,-0.508952315316,-2.799174424757,-4.1183979,18.5528917,17.9960415,17.9960415
-0.72858249,-1.863445202782,-0.999989072157,-0.99998907142,-0.99998907,-0.99998907,-0.999989059249,-0.999989069308,-0.50888180569,-2.804993145704,-4.1289352,18.729328,18.1696683,18.1696683
-0.72854742,-1.866555781538,-0.999989072122,-0.999989071403,-0.99998907,-0.99998907,-0.999989070694,-0.999989070573,-0.50881165876,-2.810812102063,-4.1394781,18.9067849,18.3443087,18.3443087
-0.72851254,-1.869666548997,-0.99998907209,-0.999989071386,-0.99998907,-0.99998907,-0.999989067379,-0.999989065467,-0.508741871795,-2.816631316047,-4.1500265,19.0852651,18.5199655,18.5199655
-0.72847783,-1.872777530266,-0.999989072066,-0.99998907137,-0.99998907,-0.99998907,-0.999989065835,-0.999989067863,-0.50867244196,-2.822450791653,-4.1605805,19.2647714,18.6966416,18.6966416
-0.7284433,-1.875888700251,-0.999989072038,-0.999989071354,-0.99998907,-0.99998907,-0.99998906441,-0.999989064416,-0.508603365613,-2.828270516931,-4.1711399,19.4453068,18.8743398,18.8743398
-0.72840894,-1.879000062326,-0.999989072015,-0.999989071338,-0.99998907,-0.99998907,-0.999989068693,-0.999989068239,-0.508534641744,-2.834090495358,-4.1817049,19.6268739,19.0530629,19.0530629
-0.72837476,-1.882111619691,-0.999989071995,-0.999989071322,-0.99998907,-0.99998907,-0.999989068371,-0.999989065064,-0.508466268194,-2.839910725949,-4.1922755,19.8094757,19.2328136,19.2328136
-0.72834076,-1.885223369,-0.999989071962,-0.999989071307,-0.99998907,-0.99998907,-0.999989066969,-0.999989070026,-0.508398239929,-2.845731179425,-4.2028516,19.9931148,19.4135949,19.4135949
-0.72830692,-1.888335310492,-0.999989071937,-0.999989071292,-0.99998907,-0.99998907,-0.999989067314,-0.999989064769,-0.508330555398,-2.851551890346,-4.2134332,20.1777942,19.5954095,19.5954095
-0.72827325,-1.891447439765,-0.999989071911,-0.999989071278,-0.99998907,-0.99998907,-0.999989066535,-0.999989069037,-0.508263212054,-2.857372844717,-4.2240203,20.3635167,19.7782603,19.7782603
-0.72823976,-1.894559756375,-0.999989071889,-0.999989071263,-0.99998907,-0.99998907,-0.999989070261,-0.999989065434,-0.508196206911,-2.863194036682,-4.2346129,20.550285,19.96215,19.96215
-0.72820643,-1.897672260891,-0.999989071864,-0.999989071249,-0.99998907,-0.99998907,-0.999988992644,-0.999989066786,-0.508129538547,-2.869015467218,-4.2452111,20.738102,20.1470815,20.1470815
