HF,UHF,MP2,UMP2,MP3,UMP3,MP4,UMP4,CISD,UCISD,CCD,UCCD,CCSD,UCCSD,CCSD(T),UCCSD(T),QCISD,UQCISD,QCISD(T),UQCISD(T),CASSCF,CASPT2,SC-NEVPT2,FIC-NEVPT2,MRCI
-399.0753163659968,-399.09157572563913,-399.1872420287807,-399.1828097483684,-399.20176673218793,-399.19499142836605,-399.21020680566954,-399.2031454381213,-399.1983112889016,-399.19761018165906,-399.20543965215,-399.19910174478815,-399.207522449,-399.206667182,-399.2136659871246,-399.21311609145533,-399.207877051,-399.206853873,-399.21384370166794,-399.2127793290255,-399.1438052499767,-399.207024030009,-399.206457957386,-399.206994544626,-399.211089225892
-399.0913130287832,-399.1056526757332,-399.2024514820865,-399.19681466704554,-399.2169198931721,-399.20900542306464,-399.2252869918231,-399.2171623780988,-399.2135158476966,-399.2116327863733,-399.22053608448886,-399.2130533222335,-399.222600505,-399.221574219,-399.2286551871813,-399.22832047957394,-399.222948568,-399.22151501,-399.2288294299624,-399.2277015193658,-399.15931334624867,-399.222073910753,-399.221540533456,-399.22206382958,-399.226126678202
-399.10572589625514,-399.1183134781218,-399.2160205742,-399.2093687252745,-399.23043065981113,-399.2215740719888,-399.23872396939646,-399.2297364611797,-399.2270897491116,-399.2242261928188,-399.2340052044792,-399.22558307504545,-399.236049029,-399.234995636,-399.2420152838276,-399.24190791619344,-399.236390431,-399.234722671,-399.24218606626033,-399.2411421353408,-399.1732645400321,-399.235476317389,-399.234959067704,-399.235468611287,-399.239550491057
-399.11868643119783,-399.12968291214406,-399.2281073095824,-399.2206222845157,-399.24245667719686,-399.2328469154377,-399.2506761192378,-399.24101692026574,-399.2391872817536,-399.2355331708603,-399.2460024342016,-399.2368379611276,-399.248023566,-399.247011661,-399.25390155653406,-399.25396681785776,-399.248358253,-399.246583336,-399.25406889510833,-399.25318096672714,-399.1857835579113,-399.247404887593,-399.246890798875,-399.247385812651,-399.251499354086
-399.1303196312314,-399.1398777984672,-399.23885701791454,-399.23071143211433,-399.2531431230952,-399.2429592053921,-399.26128915530046,-399.2511382690976,-399.249950995617,-399.2456819749093,-399.25667115450074,-399.2469495390061,-399.258667601,-399.257722089,-399.26445728765975,-399.2646297148324,-399.25899555,-399.257206653,-399.26462119102354,-399.2639154450315,-399.19699366977926,-399.258020352141,-399.257528392047,-399.258012350064,-399.262033166222
-399.1407437615356,-399.14900735896725,-399.2484024061464,-399.23975890721226,-399.26262273960583,-399.2520329231214,-399.2706961747428,-399.2602214170211,-399.2595115553108,-399.2547874948763,-399.2661426292675,-399.2560364581152,-399.268112864,-399.267249228,-399.2738143131905,-399.2740524108119,-399.268434082,-399.266692417,-399.27397466141184,-399.2734445374473,-399.2070094484309,-399.267436703568,-399.266960917108,-399.267435362149,-399.271508940478
-399.15007003798894,-399.1577568441677,-399.25686409759805,-399.2471986250737,-399.271016340891,-399.2592322041997,-399.27901820200304,-399.2669294009559,-399.2679882745359,-399.26244890569376,-399.2745369810284,-399.26360945307846,-399.27647832,-399.274913753,-399.2820907496701,-399.2813568850924,-399.276792735,-399.274223924,-399.28224764136314,-399.28133640082376,-399.2159503917785,-399.275760433712,-399.275280144323,-399.275741830355,-399.279792864683
-399.1584023919039,-399.1660215712112,-399.2643514159338,-399.2546427080193,-399.27843356216766,-399.26660430010526,-399.2863649772229,-399.2742550998077,-399.27548974417687,-399.2699144763511,-399.28196188551885,-399.27099060282006,-399.283873148,-399.282297353,-399.2893958732559,-399.2886581497785,-399.284180665,-399.281584333,-399.2895490956136,-399.2886141926748,-399.22391709077925,-399.283113579324,-399.282644096043,-399.283093241229,-399.28717281021
-399.16583736875344,-399.1733170458165,-399.27096330201687,-399.26120590236224,-399.2849737412572,-399.2731058555107,-399.2928358744618,-399.28072075786656,-399.2821146438619,-399.2765023740262,-399.2885164606664,-399.27750639112514,-399.290396142,-399.288815866,-399.29582847715307,-399.29509361475056,-399.290696653,-399.288081251,-399.29597811613166,-399.2950266043615,-399.23100610001416,-399.28958196989,-399.289100508707,-399.289537847186,-399.293669495173
-399.1724641651238,-399.1797398930236,-399.27678928656894,-399.2669805171837,-399.2907268480884,-399.27882880314576,-399.2985208624352,-399.2864174121453,-399.28795251365005,-399.2823045898919,-399.2942900478933,-399.2832482320432,-399.296136744,-399.29455901,-399.3014778277301,-399.3007522214469,-399.296430104,-399.293804643,-399.301623769308,-399.3006641002252,-399.23731432870073,-399.295278847086,-399.294806960403,-399.29522878709,-399.299347551868
-399.17836478725513,-399.18537987674256,-399.2819104223757,-399.27205126662585,-399.29577439730286,-399.2838575018321,-399.3035014417228,-399.29142846421973,-399.29308462560016,-399.28740530271733,-399.2993636430053,-399.28830048638656,-399.30117615,-399.299608264,-399.3064250267523,-399.3057146259468,-399.301462193,-399.298836559,-399.3065671452684,-399.30560695412015,-399.2429164541145,-399.300260079,-399.299786422293,-399.300193596515,-399.304347041894
-399.18361430418895,-399.1903200041636,-399.2864001715767,-399.2764959211672,-399.30019030549863,-399.2882693589573,-399.30785151988186,-399.29583031250246,-399.2975847855413,-399.2918814984053,-399.3038107363525,-399.2927401341744,-399.305588077,-399.304037652,-399.310743746144,-399.3100540381876,-399.305866628,-399.303251574,-399.3108819113874,-399.3099285806727,-399.24789205796503,-399.304612824104,-399.3041353405,-399.304527252113,-399.308684838333
-399.1882811690789,-399.19463673251994,-399.2903251870693,-399.28038591064177,-399.304041662612,-399.2921354209773,-399.31163819458715,-399.2996929457272,-399.30152000509054,-399.29580348956785,-399.307698004616,-399.296638060116,-399.309439459,-399.307914371,-399.3145009245279,-399.3138369083408,-399.309710347,-399.307117517,-399.31463500993016,-399.31369566932307,-399.2523088986212,-399.308402364681,-399.307921067516,-399.308297378641,-399.312436601332
-399.1924275851212,-399.19840023956766,-399.2937460145973,-399.28378686347816,-399.30738942297114,-399.29552090064743,-399.3149224515072,-399.3030804673549,-399.3049511930939,-399.2992354695019,-399.31108602803926,-399.3000587511162,-399.312791159,-399.311299455,-399.31775748174186,-399.31712363025827,-399.313054225,-399.310496094,-399.31788737269494,-399.3169688810384,-399.256227610573,-399.311685125108,-399.31119429437,-399.311555720989,-399.31567658705
-399.19610989683486,-399.2016747274796,-399.29671770780976,-399.2867590737708,-399.31028901042794,-399.29848563228853,-399.31775977241693,-399.3060515461056,-399.3079337304028,-399.302235952686,-399.314029877554,-399.30306181460753,-399.315698544,-399.31424831,-399.32056889970573,-399.3199691150175,-399.315953657,-399.313443395,-399.3206945015144,-399.31980340989,-399.2597078995203,-399.314541361065,-399.314056066494,-399.314401269789,-399.318570629751
-399.19937899252,-399.2045187388535,-399.29929035914546,-399.2893578840633,-399.3127908513684,-399.3010844563687,-399.3202006683151,-399.3086597974113,-399.3105179660745,-399.3048581910128,-399.3165796166732,-399.3057016010915,-399.318211988,-399.316811167,-399.32298571391294,-399.32242327461216,-399.318459054,-399.316010303,-399.32310695883615,-399.3222494480867,-399.2627938043046,-399.316995428154,-399.31650097127,-399.316832613558,-399.321015504728
-399.20228070689456,-399.2069854701897,-399.301509574869,-399.29163403767296,-399.31494083715535,-399.3033675687028,-399.32229113984073,-399.3109541360869,-399.3127497058395,-399.3071505234832,-399.3187807990138,-399.3080277690035,-399.320377359,-399.319033553,-399.3250539977678,-399.3245315097743,-399.32061633,-399.318243296,-399.32517085081054,-399.32435439408926,-399.26553525743566,-399.319104078205,-399.318609274855,-399.318925935988,-399.32310009534
-399.2048562162474,-399.20912307461134,-399.30341686873896,-399.29363383454773,-399.31678072297905,-399.3053806663586,-399.32407307227805,-399.312978922841,-399.31467057513726,-399.3091566192035,-399.3206748278688,-399.3100853865304,-399.322236367,-399.320956626,-399.3268157066513,-399.3263350639981,-399.32246725,-399.320183165,-399.3269281697613,-399.3261561044778,-399.2679725029706,-399.320913800008,-399.320424812977,-399.320727222141,-399.324847448879
-399.207142421018,-399.210974950636,-399.3050499953322,-399.29539936301006,-399.31834846001135,-399.30716520840366,-399.3255845622649,-399.31477424679446,-399.31631838290366,-399.3109158039444,-399.3222987638708,-399.3119152426581,-399.323826928,-399.322617541,-399.32830902681314,-399.32787138665645,-399.32404979,-399.321867756,-399.3284171413831,-399.32769392468253,-399.27013766698207,-399.322457272493,-399.32196976897,-399.322257439457,-399.326317411131
-399.2091723123565,-399.2125800178262,-399.3064432127964,-399.29696871682654,-399.3196784667134,-399.3087586614992,-399.326860182174,-399.3163762027693,-399.31772738159407,-399.3124633174772,-399.32368785060015,-399.3135540850234,-399.325183404,-399.324049737,-399.3295686098612,-399.3291743998399,-399.325398372,-399.323330573,-399.3296724573794,-399.3290017763685,-399.2720674580671,-399.323770935475,-399.323291006397,-399.323564121656,-399.327578019236
-399.2109753203837,-399.2139729824264,-399.30762751268026,-399.29837598578024,-399.3208018422319,-399.3101944712428,-399.3279311852145,-399.3178168780922,-399.3189285130147,-399.31383052596976,-399.3248722772028,-399.3150346326466,-399.326336841,-399.325283188,-399.3306257954831,-399.33027473397294,-399.326544102,-399.324601409,-399.33072549638706,-399.3301101601842,-399.2737875794137,-399.324885564021,-399.324412681093,-399.324671094339,-399.328688107312
-399.21257764292,-399.2151845977656,-399.3086307696453,-399.2996511091701,-399.32174653686127,-399.31150192991254,-399.328825667058,-399.3191242575628,-399.3199495587031,-399.3150448555471,-399.32587967938895,-399.3163854437788,-399.327315091,-399.326344554,-399.3315087298535,-399.3311998598436,-399.327514891,-399.325706474,-399.3316044404771,-399.33104629052553,-399.27532147585765,-399.325829867504,-399.325363517307,-399.325607862475,-399.329551930312
-399.2140025540064,-399.21624192418886,-399.3094778767765,-399.30082038936973,-399.3225374847096,-399.31270675517055,-399.32956868915386,-399.3203228517486,-399.3208153193776,-399.3161303625044,-399.32673470732607,-399.31763217142986,-399.328142989,-399.327257439,-399.33224252465544,-399.33197427459726,-399.328335625,-399.326668715,-399.33233443301685,-399.33183430143447,-399.2766930680184,-399.326627358762,-399.326168204766,-399.326398529312,-399.330274236677
-399.215270691812,-399.217168592358,-399.310190873618,-399.30190613500247,-399.3231967349655,-399.3138306913465,-399.33018240206513,-399.32143332083297,-399.3215477307168,-399.31710761921494,-399.3274591315462,-399.31879472137194,-399.328842446,-399.328042492,-399.3328493462204,-399.33261958583824,-399.329028256,-399.327507896,-399.3329376664327,-399.33249534219055,-399.2779201894332,-399.327299800216,-399.32684705676,-399.327063745658,-399.33087226646
-399.2164003259302,-399.21798507183433,-399.3107890726735,-399.3029270064316,-399.3237435901559,-399.3148918958806,-399.3306861775183,-399.32247289867377,-399.3221660281633,-399.3179940670695,-399.328072004223,-399.31989130026574,-399.329432609,-399.328718398,-399.33334856751776,-399.3331551736688,-399.329611968,-399.328241175,-399.3334335334204,-399.3330475463365,-399.27902014348126,-399.327867207926,-399.32741965288,-399.327623366019,-399.331385051314
-399.2174076041377,-399.2187089447645,-399.31128922702294,-399.3038982357575,-399.32419476904766,-399.31590515843936,-399.3310967679064,-399.3234556372575,-399.3226869038376,-399.31880428650413,-399.3285898101272,-399.3209362720276,-399.329930012,-399.329298795,-399.33375691591846,-399.3335962793944,-399.330103317,-399.328882158,-399.3338387746501,-399.3335072377588,-399.2800080806303,-399.328345067631,-399.327902690278,-399.328093685582,-399.33184947422
-399.218306779172,-399.2193551827045,-399.3117057167594,-399.3048314909963,-399.3245646068668,-399.3168817221895,-399.33142850609113,-399.3243922462672,-399.32312471032094,-399.31955004706066,-399.3290266751743,-399.32194059145127,-399.330348785,-399.329799693,-399.33408867934145,-399.33395946190666,-399.330516448,-399.329442998,-399.3341676845625,-399.33388746115753,-399.28089597850095,-399.32874611645,-399.328309716704,-399.32848825251,-399.332152530704
-399.2191104158642,-399.2199364218878,-399.3120507785232,-399.30573603803737,-399.3248652842509,-399.3178305414687,-399.3316935369589,-399.3252913591263,-399.3234916723096,-399.320241084824,-399.3293945803396,-399.32291302298614,-399.330700871,-399.330228343,-399.334355925172,-399.3342528080926,-399.330863307,-399.329933635,-399.33443233099814,-399.33419961467393,-399.2816973530555,-399.329083659445,-399.328649901032,-399.328816852265,-399.33240666366
-399.2198295795499,-399.2204632336525,-399.31233475135247,-399.3066183676133,-399.32510707950337,-399.31875781112046,-399.33190207444335,-399.32615906049534,-399.32379814752096,-399.3208850256879,-399.3297036320549,-399.3238597073913,-399.330996301,-399.330596041,-399.3345687789218,-399.33448828237306,-399.331153923,-399.330364188,-399.3346428345325,-399.3344552389422,-399.2824195522053,-399.32936648037,-399.328936480246,-399.329093152445,-399.332666487583
-399.22047400666946,-399.2209443838841,-399.3125663382326,-399.307482931858,-399.32529862984046,-399.3196677367956,-399.3320626689019,-399.32699964836263,-399.32405286632553,-399.3214878870015,-399.3299623088872,-399.3247848988152,-399.331243449,-399.330910673,-399.3347356804801,-399.3346744152791,-399.331396657,-399.330737542,-399.3348076256231,-399.3346585014805,-399.2830728133823,-399.329604046825,-399.329178300621,-399.329324285159,-399.332832758915
-399.2210522585476,-399.22138707817606,-399.31275286426256,-399.3083322498968,-399.3254471866917,-399.3205625960829,-399.3321824689646,-399.3278156930995,-399.3242631764797,-399.322054212022,-399.33017771459,-399.3256910280592,-399.331449288,-399.331178873,-399.3348636480807,-399.33481839058834,-399.331598464,-399.331061554,-399.3349337095522,-399.3348183227978,-399.28366439436826,-399.329802915176,-399.329382161995,-399.329518381978,-399.332975982649
-399.22157185962,-399.22179718894415,-399.3129005030909,-399.3091678271577,-399.32555885131137,-399.3214437153165,-399.33226746331434,-399.32860896367816,-399.32443527237695,-399.3225876997389,-399.3303558142189,-399.32657962397866,-399.331619637,-399.331406293,-399.3349585261988,-399.33492628395845,-399.331765142,-399.331341177,-399.3350269153644,-399.3349405805346,-399.2842001946112,-399.329965154933,-399.329547316436,-399.329675027689,-399.333017635726
-399.2220394210954,-399.2221794623627,-399.313014490606,-399.309989786189,-399.32563878387253,-399.32231101925447,-399.33232269505635,-399.32937999695565,-399.3245744003573,-399.32309100350267,-399.3305016449868,-399.327450901204,-399.331759373,-399.331597754,-399.33502520664456,-399.335003255208,-399.331901545,-399.331580684,-399.33509211788623,-399.33503031258954,-399.2846864103288,-399.330098569935,-399.329683577287,-399.329803454282,-399.333184599937
-399.2224607513071,-399.2225377039484,-399.3130993001183,-399.3107976498763,-399.32569138080635,-399.32316386009626,-399.3323524432107,-399.330128869307,-399.3246850237252,-399.3235662772024,-399.3306194838482,-399.32830452723584,-399.331872612,-399.331757439,-399.33506780465694,-399.3350537184892,-399.33201176,-399.331783891,-399.3351334146097,-399.33509189362536,-399.28512711796986,-399.330203477126,-399.329792832384,-399.329903725425,-399.333190332085
-399.2228409538761,-399.2228749423336,-399.31315878838205,-399.3115908786857,-399.32572042084314,-399.32400158526775,-399.3323603717064,-399.330855698908,-399.32477097271334,-399.324015421824,-399.3307129991952,-399.329140149707,-399.331962857,-399.331889033,-399.33508981854544,-399.33508149332494,-399.332099267,-399.331954294,-399.3351542860729,-399.33512916323514,-399.2855288015175,-399.330271064421,-399.329881027851,-399.329983946634,-399.333203889949
-399.2231845147448,-399.22319357215355,-399.3131963117712,-399.3123675996851,-399.3257291813269,-399.3248221122428,-399.332349647663,-399.33155935350095,-399.32483555726424,-399.32443952228726,-399.33078536343504,-399.3299560854936,-399.332033121,-399.331995782,-399.3350942476423,-399.3350899155111,-399.332167051,-399.332095036,-399.3351577143564,-399.3351455021356,-399.28589410322184,-399.330334237522,-399.329947135416,-399.330042447292,-399.333187516433
-399.2234953791448,-399.2234954766736,-399.31321481418576,-399.31312676235933,-399.3257205285525,-399.32562429113176,-399.33232303274815,-399.3322395657655,-399.324881657311,-399.324839934072,-399.3308393412236,-399.330751496638,-399.332085274,-399.332081118,-399.33508269566926,-399.33508229843153,-399.3322177,-399.332209213,-399.33514627699685,-399.3351440029159,-399.2862283078283,-399.330383565456,-399.329999500877,-399.330088292649,-399.333174968838
-399.22377701938433,-399.2237770193865,-399.3132169001938,-399.31321690020087,-399.3256969888437,-399.32569698882793,-399.33228295481234,-399.3322829547961,-399.3249117991392,-399.32491182477776,-399.33087736538306,-399.330877442448,-399.332123123,-399.332123675,-399.335059502452,-399.33506012396487,-399.332253479,-399.332253288,-399.33512222504544,-399.33512193033033,-399.28653153703215,-399.330414677033,-399.330033104045,-399.330115335172,-399.333131992962
-399.22403249451753,-399.2240324945215,-399.3132048856025,-399.31320488561744,-399.3256608017789,-399.32566080161655,-399.3322315610986,-399.3322315609281,-399.3249282075648,-399.32492823335366,-399.33090158574817,-399.33090166913024,-399.332147906,-399.332148433,-399.3350255635064,-399.33502613659806,-399.332275607,-399.332276209,-399.3350866351366,-399.3350872831454,-399.28680761443667,-399.330433292727,-399.330055927245,-399.330132206601,-399.333156700442
-399.2242645026724,-399.2242645026778,-399.31318083666,-399.31318083664735,-399.32561395948903,-399.32561395937216,-399.3321707572596,-399.33217075713736,-399.3249328510272,-399.3249328719264,-399.3309139111309,-399.330914001388,-399.332161411,-399.332161915,-399.3349826371481,-399.33498316833976,-399.33228746,-399.332288024,-399.33504314674127,-399.3350437379388,-399.28705997388926,-399.330441156359,-399.330065875613,-399.330136910137,-399.333128257805
-399.2244754268699,-399.2244754268696,-399.3131466043358,-399.31314660430144,-399.32555824053384,-399.32555824048984,-399.33210224094216,-399.3321022408959,-399.3249274749279,-399.3249274931184,-399.33091604138286,-399.33091613873734,-399.33216523,-399.332165713,-399.3349322803599,-399.3349327757596,-399.332289774,-399.332290305,-399.3349922962101,-399.33499283997446,-399.28728969802273,-399.330438859257,-399.330066544915,-399.330132473997,-399.333091884501
-399.2246673750346,-399.224667375032,-399.31310384645144,-399.31310384648623,-399.3254952324253,-399.32549523257615,-399.33202752378776,-399.33202752394936,-399.3249136304382,-399.32491363817167,-399.3309094931657,-399.33090959784346,-399.332160781,-399.332161247,-399.3348758766233,-399.334876341826,-399.332283953,-399.332284457,-399.3349354575309,-399.334935962374,-399.28749903458066,-399.330428345199,-399.330061038876,-399.330122343445,-399.333004026573
-399.22484221493943,-399.2248422149367,-399.3130540477416,-399.31305404786735,-399.32542635260813,-399.3254263529845,-399.33194795203826,-399.33194795244,-399.32489269646686,-399.32489271122887,-399.330895620542,-399.33089573255455,-399.332149335,-399.332149784,-399.33481465531713,-399.3348150953181,-399.332271254,-399.332271734,-399.3348738519842,-399.3348743254214,-399.2876899899364,-399.330411367521,-399.330044315617,-399.330102429599,-399.332988234484
-399.2250016046194,-399.2250016046064,-399.3129985367919,-399.31299853685186,-399.3253528647673,-399.3253528648514,-399.33186472241766,-399.33186472250736,-399.3248658978136,-399.324865937942,-399.3308756312338,-399.33087574982306,-399.332132023,-399.332132459,-399.33474970726786,-399.3347501264661,-399.332252796,-399.332251924,-399.3348085635908,-399.33480776254333,-399.28786395237506,-399.33038819764,-399.330024672697,-399.33007892754,-399.332853118682
-399.2251470187824,-399.2251470187735,-399.31293849809737,-399.31293849814944,-399.32527589026256,-399.325275890344,-399.33177889308814,-399.3317788931743,-399.3248343197766,-399.3248343582276,-399.33085059815613,-399.3308507234104,-399.332109856,-399.332109014,-399.3346819980226,-399.334681240172,-399.332229581,-399.332228725,-399.3347405521909,-399.33473977852793,-399.2880224861452,-399.330328830257,-399.329999100229,-399.33004941078,-399.332874388274
-399.2252797718601,-399.22527977186496,-399.3128749848608,-399.3128749850909,-399.32519642292897,-399.3251964233752,-399.33169139830807,-399.3316913987832,-399.32479891516925,-399.32479895695866,-399.3308214749422,-399.3308216068808,-399.332083734,-399.332082903,-399.334612379663,-399.33461164184234,-399.332202499,-399.332201657,-399.33467066520313,-399.33466991315674,-399.2881661709285,-399.330297044109,-399.329969899987,-399.3300165741,-399.332764212512
-399.225401037958,-399.22540103795274,-399.3128089316764,-399.31280893187653,-399.3251153400568,-399.3251153404021,-399.3316030591541,-399.3316030595195,-399.3247605487224,-399.32476058452096,-399.3307891074389,-399.330789244998,-399.332054456,-399.332053634,-399.3345416018447,-399.33454088027634,-399.332171231,-399.332171511,-399.33459875134594,-399.3345989131993,-399.2882978324825,-399.33025881366,-399.329935603573,-399.329978745122,-399.332759468428
-399.2255118679892,-399.22551186805754,-399.3127411609636,-399.3127411614186,-399.32503340897694,-399.3250334097056,-399.3315145897423,-399.3315145904993,-399.32471995652713,-399.3247199839996,-399.3307542399664,-399.3307543829901,-399.332021609,-399.332021917,-399.3344694169824,-399.33446961193175,-399.332138726,-399.33213899,-399.3345272854274,-399.3345274321984,-399.2884154650982,-399.330220587143,-399.329899556425,-399.329939640647,-399.332646110767
-399.225613205064,-399.2256132051408,-399.31267239470907,-399.31267239518206,-399.324951300262,-399.3249513010514,-399.3314266104285,-399.3314266112488,-399.324677790913,-399.32467782068306,-399.3307175276781,-399.3307176751512,-399.331988084,-399.331988376,-399.33439822650575,-399.33439840707433,-399.332104462,-399.332104713,-399.3344559026388,-399.3344560380113,-399.28852347727326,-399.330182371218,-399.32986508113,-399.329902252904,-399.332583549904
-399.2257058970931,-399.2257058970922,-399.3126032622089,-399.31260326233235,-399.32486959437045,-399.32486959455855,-399.3313396542624,-399.3313396544589,-399.3246346207736,-399.324634648306,-399.33067954367215,-399.33067969411496,-399.331953281,-399.33195356,-399.3343275895948,-399.3343277585998,-399.332068982,-399.332069222,-399.33438509462496,-399.3343852215618,-399.28862431124054,-399.330136930666,-399.329829915302,-399.329864291657,-399.332538625769
-399.22579070797866,-399.2257907079705,-399.31253430685535,-399.3125343069789,-399.32478878691495,-399.3247887871159,-399.3312541720396,-399.3312541722514,-399.32459093803766,-399.32459094201,-399.3306407840468,-399.3306409371885,-399.331917679,-399.331917945,-399.3342579279633,-399.33425808775706,-399.332032762,-399.332032993,-399.334315281626,-399.3343154024417,-399.28870987397767,-399.33009859773,-399.329788613784,-399.329820586018,-399.332449360912
-399.22586832775136,-399.22586832773857,-399.3124659957581,-399.3124659958805,-399.32470930122565,-399.3247093014322,-399.33117054489753,-399.3311705451157,-399.32454716649954,-399.3245471603535,-399.3306016792971,-399.33060183422583,-399.331881693,-399.331881948,-399.33418959919857,-399.3341897516244,-399.331996213,-399.331996437,-399.3342468198695,-399.3342469363636,-399.28879510957023,-399.3300522757,-399.329751566376,-399.329781070331,-399.332390930341
-399.2259393806973,-399.22593938067695,-399.31239872466296,-399.3123987248189,-399.32463149135646,-399.32463149160634,-399.3310890870952,-399.33108908735767,-399.32450366676574,-399.3245036596128,-399.3305625970031,-399.33056188283206,-399.331845679,-399.331845924,-399.3341229011708,-399.3341230477397,-399.331959688,-399.331959905,-399.3341800060752,-399.3341801196663,-399.2888670856413,-399.330004770289,-399.329710534752,-399.329737933755,-399.332335931024
-399.226004432722,-399.226004432697,-399.31233282584,-399.31233282600806,-399.3245556504564,-399.3245556507183,-399.33101005430086,-399.3310100545763,-399.3244607322079,-399.32446074505646,-399.33052384978714,-399.3305231418729,-399.331809942,-399.331810178,-399.3340580792857,-399.3340582211839,-399.331923489,-399.3319237,-399.33411508463166,-399.3341151963783,-399.288933685706,-399.329963565708,-399.32967358026,-399.329698987378,-399.332261443495
-399.2260639976888,-399.2260639976613,-399.3122685714607,-399.3122685716467,-399.32448201431606,-399.3244820146028,-399.3309336469835,-399.3309336472855,-399.3244186399877,-399.324418616858,-399.330485698022,-399.33048499758974,-399.331774736,-399.331774964,-399.3339953288478,-399.33399546702327,-399.331887867,-399.331888073,-399.33405224995056,-399.3340523606439,-399.28899435413126,-399.329923609909,-399.329633643935,-399.32965844155,-399.332196948177
-399.22611854289846,-399.2261185428685,-399.312206181871,-399.31220618206527,-399.32441076858095,-399.32441076886886,-399.3308600174788,-399.33086001778514,-399.3243775841901,-399.32437757337107,-399.3304483565781,-399.33044766463433,-399.331740271,-399.331740493,-399.3339348015724,-399.3339349367221,-399.33185303,-399.331853232,-399.3339916528912,-399.333991763072,-399.2890486443536,-399.32988256416,-399.329596247345,-399.329619241804,-399.332100194579
-399.2261684938858,-399.22616849385446,-399.31214582864226,-399.31214582874617,-399.32434205279213,-399.3243420529852,-399.33078927390176,-399.3307892741082,-399.32433772959064,-399.32433768560713,-399.330411998312,-399.3304113155432,-399.331706719,-399.331706933,-399.3338766085959,-399.33387674125447,-399.331819146,-399.331819343,-399.333933403758,-399.33393351379215,-399.28909727432045,-399.329842161906,-399.329559711505,-399.32958148213,-399.332113144271
-399.22621423859033,-399.22621423855645,-399.3120876391332,-399.31208763927617,-399.3242759642534,-399.32427596447224,-399.3307214838156,-399.3307214840479,-399.32429920256953,-399.3242991255972,-399.33037675716895,-399.3303760843121,-399.33167421,-399.331674418,-399.33382082408974,-399.33382095465726,-399.331786344,-399.331786537,-399.3338775759954,-399.3338776860813,-399.2891410395438,-399.329803370319,-399.329522534324,-399.329544072621,-399.332061894583
-399.2262561310058,-399.22625613097176,-399.3120317015128,-399.31203170166,-399.3242125631035,-399.3242125633183,-399.3306566791956,-399.33065667942606,-399.32426209536686,-399.32426201919617,-399.33034273320715,-399.3303420706203,-399.331642844,-399.331643046,-399.3337674891725,-399.3337676179333,-399.331754721,-399.331754911,-399.3338242099228,-399.333824320175,-399.2891803358973,-399.329765327616,-399.329488364397,-399.329508411647,-399.33199223298
-399.2262944944168,-399.22629449437784,-399.31197806724896,-399.3119780673944,-399.3241518746879,-399.32415187488806,-399.3305948586405,-399.3305948588564,-399.3242264678028,-399.32422639401926,-399.33030889223215,-399.3303093413911,-399.331612688,-399.331612884,-399.3337166134604,-399.333716740577,-399.331724342,-399.331724527,-399.3337733143911,-399.3337734247793,-399.28921552382013,-399.329729034686,-399.32945698192,-399.32947505922,-399.331964261562
-399.2263296242288,-399.2263296241843,-399.3119267561954,-399.3119267563486,-399.32409389449265,-399.3240938946826,-399.3305359921748,-399.3305359923808,-399.3241923523001,-399.3241922811616,-399.3302775025925,-399.3302779358754,-399.33158378,-399.33158397,-399.333668179861,-399.33366830542224,-399.331695243,-399.331695424,-399.3337248715689,-399.33372498201646,-399.28924255963574,-399.329690381997,-399.329426925934,-399.329443757141,-399.331915525781
-399.22636179051455,-399.22636179047424,-399.311877759136,-399.3118777592176,-399.32403859010526,-399.32403859019865,-399.33048002312296,-399.3304800232266,-399.324159755537,-399.3241597322192,-399.3302474479272,-399.33024786720193,-399.331556133,-399.331556318,-399.3336221462986,-399.3336222703153,-399.331667434,-399.331667611,-399.3336788386052,-399.3336789489393,-399.28927522735466,-399.329645885706,-399.329395008637,-399.329410453809,-399.331860803342
-399.22639124029786,-399.2263912402561,-399.31183104108095,-399.3118310411384,-399.32398590515334,-399.32398590519944,-399.3304268719487,-399.3304268720024,-399.3241286615672,-399.32412837848153,-399.3302187184773,-399.33021912563464,-399.331529738,-399.331529918,-399.3335784485597,-399.3335785710013,-399.331640904,-399.331641077,-399.33363515050087,-399.33363526053233,-399.28929751504666,-399.329607894814,-399.329361633173,-399.329375951363,-399.331829209563
-399.22641819956175,-399.22641819952247,-399.31178654498257,-399.3117865449973,-399.3239357621638,-399.32393576214326,-399.3303764390817,-399.3303764390671,-399.32409903482267,-399.3240987644935,-399.3301912845637,-399.3301916812801,-399.331504564,-399.331504739,-399.33353700344225,-399.3335371242392,-399.331615621,-399.33161579,-399.33359372328925,-399.33359383277946,-399.28932060394266,-399.329582149069,-399.329342777765,-399.329356152566,-399.331758331596
-399.22644287511696,-399.22644287508285,-399.31174419425594,-399.3117441942281,-399.32388806555815,-399.32388806545697,-399.3303286078839,-399.33032860778064,-399.32407082257066,-399.3240705668453,-399.33016509891434,-399.3301654867152,-399.331480565,-399.331480734,-399.33349771124784,-399.33349783026154,-399.331591535,-399.3315917,-399.33355445648846,-399.3335545651404,-399.2893423933352,-399.329554739162,-399.32931344527,-399.329325757825,-399.331764165946
-399.22646545627936,-399.22646545625054,-399.3117038974642,-399.3117038974098,-399.3238427056588,-399.32384270550807,-399.3302832486641,-399.33028324850966,-399.3240439588329,-399.32404432569695,-399.33014010076096,-399.3301404810996,-399.331457679,-399.331457843,-399.3334604597756,-399.33346057694297,-399.331568584,-399.331568744,-399.3335172371309,-399.33351734473183,-399.2893566206524,-399.329521142252,-399.329286644617,-399.329299406543,-399.331711515276
-399.2264861163864,-399.2264861163678,-399.3116655501548,-399.3116655500637,-399.3237995608283,-399.3237995606207,-399.33024022082526,-399.3302402206145,-399.3240183660409,-399.324018671115,-399.33011621738336,-399.3301165915213,-399.331435833,-399.331435992,-399.33342512614735,-399.33342524130774,-399.331546692,-399.331546847,-399.3334819415812,-399.3334820478565,-399.2893744513989,-399.329502879105,-399.329266187981,-399.329278074207,-399.331697614116
-399.2265050142072,-399.2265050141924,-399.31162903887,-399.31162903874383,-399.32375850110105,-399.3237585008209,-399.33019937657474,-399.3301993762853,-399.32399395840673,-399.32399427543726,-399.3300933676387,-399.3300937366757,-399.331414946,-399.331415101,-399.3333915803959,-399.33339169335216,-399.331525775,-399.331525927,-399.3334484391198,-399.33344854375616,-399.2893863099984,-399.329478974862,-399.329242038858,-399.329253830976,-399.331608998574
-399.2265222952008,-399.22652229518906,-399.3115942437928,-399.31159424361454,-399.32371939121975,-399.32371939085937,-399.33016056398617,-399.3301605636125,-399.3239706445684,-399.32397101257914,-399.33007146463376,-399.33007182957857,-399.331394932,-399.33139393,-399.33335968823275,-399.33335881689504,-399.331505746,-399.331505893,-399.3334165947817,-399.3334166975338,-399.28939659113047,-399.329445054896,-399.329219525652,-399.329230649033,-399.331637665657
-399.2265380926893,-399.2265380926838,-399.31156104214045,-399.3115610419248,-399.32368209358566,-399.32368209316377,-399.3301236299949,-399.3301236295582,-399.3239483306029,-399.32395089019343,-399.33005041882103,-399.33005078056493,-399.3313757,-399.331374719,-399.3333293144103,-399.33332845529486,-399.331486514,-399.331486655,-399.33338627260207,-399.3333863732307,-399.28941090426855,-399.32942844053,-399.329199882669,-399.329211737291,-399.331589749831
-399.2265525289387,-399.22655252893645,-399.31152931058097,-399.311529310324,-399.3236464708672,-399.32364647037735,-399.33008842308567,-399.33008842257755,-399.3239269219829,-399.32392956757747,-399.33003014004146,-399.3300304993372,-399.331357161,-399.331356201,-399.3333003248025,-399.33329947773433,-399.331467985,-399.331466927,-399.3333573378392,-399.33335640271014,-399.2894191532405,-399.329401775732,-399.329174416129,-399.329186289249,-399.331604183467
-399.22656571610634,-399.22656571610565,-399.3114989278536,-399.31149892760095,-399.3236123885324,-399.3236123880185,-399.33005479584017,-399.3300547953071,-399.3239063260359,-399.32390893244326,-399.33001054000766,-399.33001089754407,-399.331339228,-399.331338288,-399.3332725891197,-399.3332717539122,-399.331450073,-399.331449034,-399.333329659578,-399.333328736298,-399.28942721756886,-399.329383701101,-399.329161985076,-399.329173112903,-399.331533074458
-399.22657775715,-399.2265777571496,-399.3114697775093,-399.31146977722864,-399.3235797176171,-399.32357971704766,-399.3300226077562,-399.33002260716256,-399.3238864547189,-399.3239249482584,-399.32999153530955,-399.32999019704,-399.331321817,-399.331320896,-399.3332459839141,-399.3332451603495,-399.331432691,-399.331431672,-399.33330311381536,-399.33330220225577,-399.289429581386,-399.329358385368,-399.329142537668,-399.329153118381,-399.331509199112
-399.2265887466124,-399.2265887466119,-399.31144174869,-399.31144174837647,-399.3235483357906,-399.3235483351683,-399.3299917262957,-399.32999172564746,-399.32386722468885,-399.323905548145,-399.3299730472745,-399.32997171232125,-399.33130546,-399.331303948,-399.33322121052186,-399.33321958053665,-399.331415761,-399.331414761,-399.33327758350794,-399.33327668353127,-399.28943726234223,-399.329338481926,-399.329122186415,-399.329132792049,-399.331557280385
-399.22659877135806,-399.22659877135806,-399.31141473896224,-399.31141473862664,-399.3235181294461,-399.32351812879057,-399.32996202895526,-399.3299620282768,-399.32384856020406,-399.323886704429,-399.32995500510407,-399.329953673127,-399.331288888,-399.331287376,-399.3331965332448,-399.3331949079828,-399.331399213,-399.331398232,-399.33325296169215,-399.3332520731688,-399.2894446487784,-399.329321921234,-399.329104439992,-399.329114620217,-399.331477162996
-399.22660791124906,-399.2266079112513,-399.3113886542932,-399.3113886539416,-399.32348899465114,-399.3234889939592,-399.3299334042038,-399.329933403486,-399.323830392782,-399.32386852354927,-399.32993734546807,-399.3299360161378,-399.331272629,-399.331271116,-399.3331726664707,-399.3331710457842,-399.331382984,-399.33138202,-399.3332291511152,-399.33322827385376,-399.2894470624541,-399.329300689205,-399.329087331764,-399.329096970102,-399.331492988926
-399.2266162397339,-399.2266162397362,-399.31136341058937,-399.31136341021727,-399.32346083747,-399.323460836734,-399.329905751726,-399.32990575095937,-399.3238126629445,-399.3238506120036,-399.32991847824894,-399.3299186873962,-399.331256631,-399.331255117,-399.33314952491247,-399.33314790866217,-399.33136702,-399.331366073,-399.3332060661145,-399.3332051999,-399.2894521060293,-399.329282734452,-399.329067651603,-399.329076581744,-399.331450526005
-399.22662382438733,-399.22662382439086,-399.3113389334599,-399.31133893305656,-399.3234335751729,-399.32343357438737,-399.32987898356293,-399.32987898274246,-399.32379531971566,-399.3238331845792,-399.3299014327524,-399.32990164159014,-399.33124085,-399.331239336,-399.3331270341385,-399.33312542218664,-399.331351277,-399.331350347,-399.33318363192126,-399.3331827765453,-399.28945495153266,-399.32926556719,-399.329051912553,-399.329060269689,-399.331439820529
-399.22663072740136,-399.22663072739664,-399.3113151584225,-399.3113151580096,-399.3234071351703,-399.32340713436207,-399.3298530229629,-399.32985302211966,-399.32377832093846,-399.32381602402126,-399.3298846339496,-399.3298848425264,-399.331225252,-399.331223738,-399.3331051309131,-399.33310352317767,-399.331336451,-399.331334806,-399.3331627166693,-399.333160940329,-399.28945704758536,-399.329247446962,-399.329031597791,-399.329043499377,-399.331446847423
-399.22663700602254,-399.2266370060168,-399.31129203026774,-399.3112920298228,-399.3233814553246,-399.32338145446334,-399.3298278045875,-399.32982780368445,-399.323761632307,-399.32380011929354,-399.3298680535683,-399.3298682618511,-399.331209812,-399.331208297,-399.3330837620196,-399.3330821583208,-399.331321069,-399.331319425,-399.3331414094311,-399.33313963770144,-399.2894586423796,-399.329230514203,-399.329016865081,-399.329028090448,-399.331365018665
-399.22664271296213,-399.2266427129576,-399.3112695034548,-399.31126950299966,-399.3233564831688,-399.3233564822895,-399.32980327362975,-399.3298032727071,-399.3237452279864,-399.3237834565092,-399.3298516720146,-399.32985188005046,-399.331194511,-399.331192997,-399.33306288488313,-399.33306128512726,-399.331305829,-399.331304184,-399.3331205931792,-399.33311882596576,-399.2894596275133,-399.329214348592,-399.329003711809,-399.329014377762,-399.331377198056
-399.22664789676907,-399.2266478967564,-399.3112475402871,-399.3112475398363,-399.3233321752173,-399.3233321743473,-399.32977938499744,-399.3297793840911,-399.32372908878114,-399.3237668607511,-399.32983547633125,-399.3298356841572,-399.331179341,-399.331177827,-399.333042465433,-399.3330408695295,-399.331290719,-399.331289074,-399.33310023363714,-399.3330984708514,-399.2894605888796,-399.329196913192,-399.328985213304,-399.328995222513,-399.331340357465
-399.2266526021153,-399.2266526021024,-399.3112261102822,-399.3112261098312,-399.3233084954035,-399.3233084945256,-399.3297561016736,-399.32975610075806,-399.3237132014351,-399.32375082267333,-399.3298194595621,-399.3298196671346,-399.331164296,-399.331162782,-399.33302247726584,-399.33302088506366,-399.331275734,-399.33127409,-399.3330803042948,-399.33307854577464,-399.2894607770015,-399.329180459489,-399.328973180572,-399.328982778321,-399.331386498531
-399.2266568701534,-399.22665687014046,-399.31120519011733,-399.31120518965326,-399.3232854154347,-399.3232854145341,-399.3297333949269,-399.3297333939857,-399.3236975586401,-399.32373548344486,-399.3298036205672,-399.32980382786,-399.331149378,-399.331147864,-399.3330029014832,-399.3330013128341,-399.331260876,-399.331259232,-399.33306078611616,-399.3330590316989,-399.2894612264531,-399.329163865213,-399.32895609269,-399.328965095833,-399.331297218055
-399.2266607387433,-399.2266607387298,-399.31118476082565,-399.31118476034567,-399.3232629119148,-399.3232629109922,-399.329711241363,-399.3297112403976,-399.3236821564,-399.3237200277485,-399.3297879614625,-399.32978816847066,-399.331134591,-399.331133078,-399.33298372382814,-399.33298213860513,-399.331246149,-399.331244505,-399.33304166475295,-399.33303991431177,-399.28946100310384,-399.329147424234,-399.328939096726,-399.328948135652,-399.331338890189
-399.2266642427279,-399.22666424271273,-399.3111648090247,-399.3111648085306,-399.32324096738415,-399.3232409664448,-399.32968962386184,-399.32968962287896,-399.3236669954397,-399.3237044057008,-399.3297724889096,-399.3297726956264,-399.331119945,-399.331118432,-399.33296493597015,-399.33296335406754,-399.331231561,-399.331229918,-399.3330229318124,-399.333021185227,-399.2894607783356,-399.3291320621,-399.328926318902,-399.328935582844,-399.331301610908
-399.226667414144,-399.22666741412854,-399.3111453233712,-399.3111453228698,-399.3232195667808,-399.3232195658256,-399.3296685279696,-399.3296685269669,-399.32365207758687,-399.32369047378967,-399.3297572104578,-399.32975741686306,-399.33110545,-399.331103937,-399.33294653173,-399.3329449530029,-399.331217123,-399.331215481,-399.33300458104696,-399.33300283816607,-399.2894602566853,-399.329115239657,-399.328910764494,-399.328919580895,-399.331273402778
-399.2266702824465,-399.2266702824292,-399.3111262964864,-399.31112629597754,-399.32319869932894,-399.32319869836687,-399.3296479436842,-399.32964794267514,-399.32363740757006,-399.3236713904759,-399.329742136282,-399.32974234238327,-399.331091117,-399.331089605,-399.33292850859266,-399.33292693292105,-399.331202847,-399.331201205,-399.3329866099008,-399.3329848706016,-399.2894595265309,-399.329100372089,-399.328894835799,-399.328903216062,-399.331258479181
-399.2266728746909,-399.22667287467215,-399.31110772218,-399.3111077216824,-399.3231783553669,-399.32317835442177,-399.32962786226534,-399.3296278612773,-399.3236229904289,-399.3236566164432,-399.32972727661854,-399.3297274824335,-399.331076961,-399.331075448,-399.3329108651171,-399.3329092924334,-399.331188746,-399.331187104,-399.3329690169137,-399.33296728109934,-399.28945882104574,-399.329084432642,-399.328880650675,-399.328888612328,-399.331263696216
-399.22667521571645,-399.22667521569304,-399.3110895955722,-399.3110895950664,-399.32315852719387,-399.32315852624794,-399.32960827699895,-399.3296082760112,-399.3236088319686,-399.3236409721284,-399.32971264215183,-399.3297128476514,-399.331062992,-399.33106148,-399.33289360120017,-399.3328920313571,-399.331174831,-399.331173189,-399.33295180195586,-399.3329500694813,-399.2894579349384,-399.329068977726,-399.328864732702,-399.328873936447,-399.331240657636
-399.2266773283161,-399.22667732828137,-399.31107191252835,-399.3110719120221,-399.3231392077532,-399.3231392068093,-399.3295891818376,-399.3295891808533,-399.32359493798566,-399.3236069883407,-399.3296982431818,-399.3296984483587,-399.331049225,-399.331047713,-399.33287671720063,-399.3328751500831,-399.331161115,-399.331159474,-399.3329349653852,-399.33293323611167,-399.28945689576494,-399.329055388715,-399.328848212266,-399.328860867165,-399.331200682497
-399.2266792333596,-399.22667923331886,-399.311054668406,-399.31105466789654,-399.3231203900184,-399.32312038907133,-399.32957057078056,-399.3295705697914,-399.323581313289,-399.3235898147744,-399.3296840887169,-399.3296842935538,-399.331035669,-399.331034158,-399.3328602129022,-399.33285864836785,-399.33114761,-399.331145969,-399.33291850697697,-399.33291678076387,-399.28945576568515,-399.329040675527,-399.328835063028,-399.328847747592,-399.331174868367
-399.2266809499857,-399.2266809499372,-399.31103785922096,-399.3110378586825,-399.3231020673612,-399.323102066382,-399.32955243818634,-399.3295524371592,-399.3235679624714,-399.32357753839375,-399.32967018721695,-399.3296703916753,-399.331022335,-399.331020824,-399.3328440881683,-399.3328425261061,-399.331134324,-399.331132684,-399.33290242658103,-399.3329007032919,-399.28945460024835,-399.32902739096,-399.328820334505,-399.328833964635,-399.33113451613
-399.2266824956933,-399.226682495638,-399.3110214801617,-399.31102147962656,-399.3230842327118,-399.32308423173487,-399.32953477793166,-399.32953477690455,-399.3235548890444,-399.3235541019424,-399.3296565456764,-399.3296567497912,-399.331009231,-399.331007721,-399.33282834204846,-399.3328267823534,-399.331121268,-399.331119628,-399.33288672324613,-399.3328850027661,-399.2894533228599,-399.329013934382,-399.328807613063,-399.32882063432,-399.33111155062
-399.22668388647577,-399.2266838864253,-399.31100552559496,-399.3110055250692,-399.3230668781296,-399.3230668771682,-399.32951758297605,-399.32951758196583,-399.32354209517456,-399.3235515075078,-399.3296431694719,-399.32964337326285,-399.330996365,-399.330994855,-399.33281297244366,-399.332811415036,-399.331108447,-399.331106807,-399.3328713949292,-399.3328696771636,-399.28945210051353,-399.32900025371,-399.328796541197,-399.328808997019,-399.331149478615
-399.2266851369612,-399.2266851369092,-399.3109899896308,-399.31098998910954,-399.3230499956079,-399.3230499946552,-399.3295008461441,-399.3295008451432,-399.32352958225334,-399.32354191169446,-399.3296300628688,-399.3296302663257,-399.330983742,-399.330982232,-399.332797976693,-399.3327964214608,-399.331095867,-399.331094228,-399.33285643894743,-399.33285472377753,-399.2894507801213,-399.328987584924,-399.328784307763,-399.328797328411,-399.331129096986
-399.22668626046726,-399.2266862604217,-399.3109748657525,-399.3109748652324,-399.3230335764136,-399.3230335754688,-399.32948455947417,-399.32948455848214,-399.3235173505178,-399.3235296996695,-399.3296172287029,-399.3296174318284,-399.330971366,-399.330969856,-399.3327833511028,-399.33278179797713,-399.331083533,-399.331081895,-399.3328418516444,-399.3328401389709,-399.28944947695254,-399.328974813506,-399.32877259694,-399.328784957494,-399.331101000949
-399.2266872691537,-399.2266872691097,-399.31096014635625,-399.31096014586086,-399.3230176110495,-399.3230176101416,-399.32946871417766,-399.32946871322815,-399.32350539896544,-399.32351400945976,-399.3296046682416,-399.3296048710667,-399.33095924,-399.330957731,-399.3327690909388,-399.33276753982074,-399.331071447,-399.331069809,-399.3328276282736,-399.3328259179988,-399.2894481417784,-399.328961939313,-399.328759251869,-399.328770988053,-399.331067568237
-399.2266881740811,-399.226688174038,-399.3109458233279,-399.31094582284095,-399.32300208955274,-399.3230020886618,-399.32945330094793,-399.3294533000165,-399.3234937257615,-399.323504887226,-399.3295923817432,-399.32959258425075,-399.330947365,-399.330945856,-399.3327551907242,-399.3327536415165,-399.33105961,-399.331057973,-399.3328137634084,-399.332812055418,-399.28944686911234,-399.328949957197,-399.32874919022,-399.328760392848,-399.331094179211
-399.22668898531487,-399.22668898527377,-399.31093188869806,-399.31093188822274,-399.3229870018788,-399.3229870010069,-399.3294383103313,-399.3294383094208,-399.3234823286349,-399.32351646506686,-399.329580368766,-399.3295805709528,-399.330935742,-399.330934233,-399.3327416447158,-399.3327400973118,-399.331048024,-399.331046386,-399.3328002513073,-399.3327985454932,-399.2894455846422,-399.328938131129,-399.328738300993,-399.328748974551,-399.331008985875
-399.2266897119805,-399.2266897119496,-399.3109183327776,-399.3109183323213,-399.3229723369316,-399.3229723360837,-399.329423731793,-399.32942373090657,-399.3234712035618,-399.3235573643004,-399.32956862688127,-399.32956882876096,-399.330924369,-399.33092286,-399.3327284455033,-399.3327268998268,-399.331036686,-399.331035049,-399.3327870846086,-399.3327853808687,-399.28944427202646,-399.328926361304,-399.32872759646,-399.328737796564,-399.331036151329
-399.2266903623982,-399.22669036237096,-399.3109051466813,-399.3109051462304,-399.322958083915,-399.3229580830796,-399.3294095550433,-399.3294095541703,-399.32346034683536,-399.3234775383888,-399.3295571538397,-399.3295573554042,-399.330913245,-399.330911737,-399.3327155861866,-399.33271404214895,-399.331025595,-399.331023959,-399.33277425642314,-399.33277255466646,-399.2894427530368,-399.32891619174,-399.328716061608,-399.328725830839,-399.330998222549
-399.2266909440759,-399.2266909440569,-399.3108923211829,-399.3108923207338,-399.32294423195344,-399.322944231121,-399.32939576968334,-399.32939576881176,-399.32344975407136,-399.3234941743085,-399.3295459465062,-399.3295461477497,-399.330902368,-399.33090086,-399.33270305926817,-399.33270151676174,-399.331014749,-399.331013113,-399.332761759294,-399.3327600594038,-399.2894417003332,-399.32890409587,-399.32870635942,-399.328715685132,-399.330981669454
-399.2266914638431,-399.2266914638286,-399.31087984686127,-399.3108798464217,-399.32293077004425,-399.32293076922826,-399.3293823651674,-399.3293823643135,-399.3234394205628,-399.32347743715553,-399.32953500133874,-399.3295352022868,-399.330891735,-399.330890227,-399.3326908571323,-399.33268931611286,-399.331004146,-399.331002511,-399.3327495856292,-399.33274788754915,-399.2894401931921,-399.328894348975,-399.328695433891,-399.328704403618,-399.330958552812
-399.2266919278513,-399.2266919278524,-399.3108677144816,-399.3108677140449,-399.32291768751867,-399.32291768671706,-399.32936933125495,-399.3293693304164,-399.3234293414871,-399.32354238700697,-399.3295243145076,-399.32952451516786,-399.330881343,-399.330879836,-399.332678972151,-399.3326774325424,-399.330993783,-399.330992147,-399.3327377278336,-399.3327360314792,-399.2894388828567,-399.328884087326,-399.328685671218,-399.328694299333,-399.330994969639
-399.22669234170576,-399.2266923417101,-399.3108559148477,-399.31085591441575,-399.3229049738081,-399.3229049730175,-399.329356657798,-399.3293566569708,-399.3234195119112,-399.3235361888804,-399.3295138819739,-399.3295140823455,-399.330871189,-399.330869682,-399.3326673967688,-399.3326658585031,-399.330983655,-399.33098202,-399.3327261783862,-399.332724483671,-399.2894375817033,-399.328873710187,-399.3286759801,-399.328684273815,-399.330979261391
-399.22669271043566,-399.2266927104417,-399.3108444393906,-399.3108444389711,-399.3228926189016,-399.32289261813,-399.3293443351863,-399.32934433437936,-399.3234099271329,-399.32360707580904,-399.3295036998436,-399.3295038999425,-399.33086127,-399.330859762,-399.33265612376977,-399.3326545867821,-399.330973761,-399.330972126,-399.332714930113,-399.3327132369664,-399.28943651620045,-399.328863658465,-399.328666387342,-399.3286743639,-399.330964460269
-399.2266930385893,-399.226693038602,-399.31083327937864,-399.31083327898,-399.3228806126936,-399.32288061194873,-399.3293323537238,-399.32933235294433,-399.3234005820676,-399.32359729429135,-399.3294937637883,-399.32949396362926,-399.330851581,-399.330850074,-399.33264514576706,-399.33264360998623,-399.330964096,-399.330962462,-399.3327039756504,-399.332702283992,-399.2894353091383,-399.328854436796,-399.328657704902,-399.328665443546,-399.330901737237
-399.2266933302857,-399.2266933302991,-399.3108224270538,-399.3108224266468,-399.3228689462438,-399.3228689454865,-399.3293207048652,-399.3293207040685,-399.3233914724942,-399.3237940490045,-399.3294840702326,-399.3294842697755,-399.330842121,-399.330840614,-399.3326344563385,-399.3326329216689,-399.330954658,-399.330953024,-399.3326933086225,-399.3326916183453,-399.2894345509022,-399.328843572693,-399.328645942531,-399.328656212475,-399.330974442803
-399.2266935892308,-399.226693589238,-399.31081187473393,-399.3108118743502,-399.3228576106376,-399.3228576099236,-399.3293093800957,-399.32930937934935,-399.3233825940531,-399.32378352158446,-399.32947461543085,-399.32947481476526,-399.330832886,-399.330831379,-399.3326240491079,-399.3326225155628,-399.330945444,-399.33094381,-399.3326829226905,-399.3326812338012,-399.28943344238417,-399.32883426761,-399.32863423798,-399.328647009458,-399.330921965415
-399.2266938187482,-399.2266938187576,-399.3108016152665,-399.3108016148786,-399.3228465975808,-399.322846596868,-399.32929837151704,-399.3292983707736,-399.3233739425988,-399.3237835000031,-399.32946539579547,-399.3294655948729,-399.330823873,-399.330822366,-399.33261391802495,-399.33261238552006,-399.33093645,-399.330934816,-399.33267281184294,-399.3326711242517,-399.2894324266462,-399.328825380091,-399.328627146941,-399.328639398294,-399.33093781078
-399.22669402185613,-399.2266940218663,-399.31079164215976,-399.3107916418031,-399.3228358995472,-399.3228358988745,-399.32928767200553,-399.3292876713048,-399.3233655145789,-399.323771666394,-399.32945640828126,-399.32945660715137,-399.33081508,-399.330813573,-399.33260405778503,-399.3326025262809,-399.330927675,-399.330926041,-399.3326629708183,-399.33266128447696,-399.28943139726874,-399.328816698542,-399.328618987152,-399.328630745352,-399.330900550923
-399.22669420126647,-399.22669420127704,-399.3107819492217,-399.3107819488624,-399.3228255092902,-399.32282550861527,-399.3292772747226,-399.32927727401653,-399.3233573066439,-399.3237790472756,-399.32944765003754,-399.3294478486584,-399.330806504,-399.330804997,-399.3325944634614,-399.3325929328652,-399.330919116,-399.330917483,-399.332653394721,-399.33265170952,-399.2894304116616,-399.328808032674,-399.328611181594,-399.328622461592,-399.3309233708
-399.22669435942106,-399.22669435943214,-399.31077253067934,-399.3107725303285,-399.3228154200496,-399.32281541938835,-399.3292671733069,-399.32926717261466,-399.32334931539026,-399.3238337883024,-399.3294391180792,-399.32943931648185,-399.330798143,-399.330796636,-399.33258513009395,-399.33258360035353,-399.330910771,-399.330909138,-399.33264407865096,-399.33264239455303,-399.2894294182359,-399.32879994879,-399.328602779575,-399.328613610797,-399.330873108579
-399.2266944985173,-399.2266944985282,-399.3107633814896,-399.3107633811426,-399.32280562577085,-399.32280562512466,-399.32925736210984,-399.3292573614351,-399.32334153828293,-399.3238306888588,-399.3294308102954,-399.32943100849553,-399.330789996,-399.330788489,-399.3325760538089,-399.332574524922,-399.330902639,-399.330901006,-399.3326350187672,-399.3326333357461,-399.28942821444014,-399.328792369722,-399.328594787946,-399.328605352233,-399.330873887316
-399.22669462053034,-399.22669462054193,-399.31075449685727,-399.3107544965171,-399.32279612083966,-399.32279612021193,-399.32924783591926,-399.3292478352664,-399.32333397283816,-399.32384076633394,-399.3294227245767,-399.3294229225873,-399.330782061,-399.330780555,-399.33256723084224,-399.332565702782,-399.330894717,-399.330893085,-399.3326262113505,-399.3326245293664,-399.2894271947079,-399.328784896048,-399.328587360501,-399.328597579266,-399.330894484352
-399.22669472725954,-399.226694727259,-399.31074587221593,-399.3107458718932,-399.3227868997822,-399.32278689918223,-399.3292385896683,-399.3292385890471,-399.32332661651697,-399.3236835311354,-399.32941485873954,-399.3294150565784,-399.330774337,-399.33077283,-399.33255865749584,-399.3325571302216,-399.330887006,-399.330885373,-399.33261765272795,-399.3326159717355,-399.2894266888941,-399.328776301807,-399.328581794627,-399.328591477919,-399.330864018196
-399.22669482027874,-399.2266948202774,-399.3107375035671,-399.31073750326175,-399.3227779577388,-399.32277795716016,-399.32922961889375,-399.32922961829456,-399.32331943097006,-399.3236813609826,-399.32940721118047,-399.3294074088416,-399.330766822,-399.330765315,-399.3325503307575,-399.33254880419014,-399.330879502,-399.33087787,-399.33260933993006,-399.33260765986455,-399.289425151854,-399.328770104896,-399.328572592516,-399.328582303867,-399.330851169608
-399.2266949010518,-399.2266949010406,-399.3107293869387,-399.31072938662254,-399.32276928993053,-399.3227692893415,-399.3292209192149,-399.32922091860326,-399.3233124870268,-399.3236825170276,-399.32939978015327,-399.3293999776122,-399.330759515,-399.330758008,-399.332542247552,-399.3325407216636,-399.330872206,-399.330870574,-399.332601269955,-399.3325995907588,-399.2894250036056,-399.328761509493,-399.328567803202,-399.328576821484,-399.330855537292
-399.226694970865,-399.22669497085013,-399.3107215187326,-399.3107215184192,-399.32276089210507,-399.32276089151986,-399.32921248676354,-399.3292124861532,-399.3233057464215,-399.32386596706226,-399.3293925641174,-399.32939276139376,-399.330752415,-399.330750909,-399.33253440517313,-399.33253287992,-399.330865116,-399.330863484,-399.33259344010327,-399.33259176172567,-399.28942348469434,-399.328755746616,-399.328557003161,-399.328568150711,-399.330835434679
-399.2266950308869,-399.2266950308718,-399.31071389564306,-399.3107138953436,-399.3227527601028,-399.3227527595429,-399.32920431775545,-399.3292043171736,-399.3232992074306,-399.3238243754028,-399.32938556159695,-399.3293857587354,-399.330745522,-399.330744015,-399.3325268010174,-399.3325252764126,-399.330858232,-399.3308566,-399.332585847804,-399.3325841702456,-399.2894226239529,-399.328748924693,-399.328550355157,-399.328561197611,-399.330845294355
-399.2266950821773,-399.226695082161,-399.31070651424193,-399.310706513946,-399.3227448898041,-399.3227448892525,-399.32919640844153,-399.3291964078689,-399.323292868283,-399.3237604590876,-399.329378771043,-399.3293789680284,-399.330738833,-399.330737327,-399.33251943249854,-399.3325179084848,-399.330851552,-399.33084992,-399.3325784905188,-399.3325768137274,-399.28942268545006,-399.328741300557,-399.328546320958,-399.328556365246,-399.330859297519
-399.22669512568245,-399.2266951256604,-399.3106993714068,-399.3106993711252,-399.3227372774276,-399.32273727689255,-399.3291887553938,-399.3291887548377,-399.3232867273619,-399.3238775337785,-399.329372191016,-399.3293723878632,-399.330732349,-399.330730843,-399.33251229721367,-399.3325107737271,-399.330845076,-399.330843444,-399.33257136588134,-399.3325696898178,-399.2894219828771,-399.328734707468,-399.328540244672,-399.328549960763,-399.330831000368
-399.22669516224425,-399.22669516222373,-399.31069246392826,-399.310692463641,-399.3227299190575,-399.3227299185184,-399.3291813550391,-399.3291813544776,-399.3232807828349,-399.3240327202968,-399.32936581984546,-399.32936601653415,-399.330726068,-399.330724562,-399.3325053925637,-399.3325038696256,-399.330838802,-399.33083717,-399.332564471348,-399.3325627959711,-399.2894205635296,-399.328729382302,-399.3285294973,-399.328542099004,-399.330793883376
-399.22669519263934,-399.2266951926159,-399.3106857887125,-399.31068578843696,-399.3227228109549,-399.3227228104316,-399.3291742039637,-399.3291742034184,-399.32327503306794,-399.3240284591763,-399.32935965602144,-399.3293598525852,-399.330719988,-399.330718482,-399.33249871623906,-399.33249719382445,-399.330832729,-399.330831097,-399.33255780462304,-399.3325561299165,-399.2894205236262,-399.328722755693,-399.328524730441,-399.328537383132,-399.330836889066
-399.2266952175555,-399.22669521752886,-399.3106793423808,-399.3106793421012,-399.3227159492709,-399.322715948746,-399.3291672986289,-399.3291672980816,-399.3232694760304,-399.3240924884021,-399.3293536976016,-399.3293538940268,-399.330714109,-399.330712603,-399.33249226550777,-399.33249074359543,-399.330826856,-399.330825224,-399.3325513630008,-399.3325496889319,-399.28941998162657,-399.328716435361,-399.328519579096,-399.328531743592,-399.330849942437
-399.2266952376104,-399.2266952375807,-399.3106731218372,-399.31067312155824,-399.32270933015207,-399.32270932963206,-399.3291606354723,-399.3291606349312,-399.32326410977976,-399.3238554654535,-399.3293479427163,-399.3293481390224,-399.330708429,-399.330706923,-399.3324860377455,-399.3324845163031,-399.330821181,-399.330819549,-399.332545143898,-399.33254347044686,-399.2894193727185,-399.328710444056,-399.328515044765,-399.328526822902,-399.330835373272
-399.22669525335806,-399.2266952533284,-399.3106671236994,-399.3106671234343,-399.32270294965593,-399.3227029491517,-399.3291542108303,-399.3291542103056,-399.32325893219377,-399.3238881784556,-399.3293423892837,-399.3293425854856,-399.330702946,-399.33070144,-399.33248003016973,-399.33247850919946,-399.330815703,-399.330814072,-399.3325391445733,-399.33253747170335,-399.2894183512844,-399.328706165241,-399.328508354558,-399.328519951066,-399.330824253287
-399.2266952653069,-399.22669526527454,-399.3106613445996,-399.31066134433433,-399.32269680389544,-399.32269680339147,-399.32914802106814,-399.3291480205424,-399.323253941045,-399.3237359287504,-399.3293370350783,-399.3293372311644,-399.330697658,-399.330696152,-399.3324742399087,-399.33247271935824,-399.33081042,-399.330808789,-399.332533362152,-399.33253168983,-399.2894182229407,-399.328700072385,-399.328505095486,-399.328516086101,-399.330798527726
-399.2266952738973,-399.22669527386546,-399.3106557809479,-399.31065578067194,-399.32269088864166,-399.3226908881344,-399.3291420621936,-399.32914206166606,-399.3232491337717,-399.3238462678629,-399.329331877511,-399.3293320734948,-399.330692563,-399.330691057,-399.3324686637285,-399.33246714360007,-399.33080533,-399.330803698,-399.3325277934454,-399.3325261216752,-399.2894162674394,-399.328685001437,-399.328486847326,-399.328498257804,-399.330774503596
-399.2266952795397,-399.2266952795068,-399.3106504290524,-399.310650428785,-399.3226851997363,-399.3226851992389,-399.3291363302632,-399.3291363297462,-399.3232445078857,-399.32384122215376,-399.32932691404295,-399.3293271099358,-399.330687658,-399.330686152,-399.3324632984948,-399.33246177880073,-399.33080043,-399.330798798,-399.3325224353419,-399.3325207640922,-399.2894171182626,-399.328690188341,-399.328496279919,-399.328506596582,-399.330804847563
-399.2266952825889,-399.22669528255864,-399.3106452850344,-399.31064528478606,-399.3226797327689,-399.3226797322925,-399.32913082106785,-399.32913082057365,-399.3232400605296,-399.32383666432287,-399.3293221417211,-399.3293223375412,-399.330682942,-399.330681436,-399.3324581407004,-399.332456621381,-399.330795717,-399.330794086,-399.33251728435795,-399.33251561360646,-399.2894165426293,-399.328685963904,-399.328491579629,-399.328501595076,-399.330784973256
-399.22669528337354,-399.2266952833465,-399.310640345076,-399.3106403448072,-399.32267448336813,-399.3226744828693,-399.3291255304132,-399.32912552989376,-399.32323578881966,-399.32383308416456,-399.3293175575855,-399.3293177532894,-399.330678411,-399.330676905,-399.3324531867893,-399.3324516678187,-399.33079119,-399.330789559,-399.33251233696006,-399.3325106666748,-399.2894158373268,-399.328682166436,-399.32848724744,-399.32849705234,-399.330767317393
-399.226695282184,-399.2266952821602,-399.3106356049673,-399.3106356047013,-399.3226694468889,-399.32266944639485,-399.32912045381113,-399.32912045329647,-399.3232316895888,-399.323828923676,-399.3293131583181,-399.3293133539436,-399.330674063,-399.330672557,-399.33244843291794,-399.33244691431383,-399.330786845,-399.330785214,-399.3325075893354,-399.3325059194977,-399.2894140476148,-399.328666125153,-399.328470009784,-399.328480333992,-399.330778077521
-399.2266952792752,-399.2266952792565,-399.3106310603904,-399.3106310601356,-399.32266461849935,-399.32266461801873,-399.3291155865748,-399.32911558607344,-399.32322775948256,-399.3238227084152,-399.3293089404128,-399.3293091359733,-399.330669893,-399.330668387,-399.33244387510285,-399.3324423568097,-399.330782679,-399.330781048,-399.3325030374905,-399.3325013680843,-399.28941519322507,-399.328672707573,-399.328479822604,-399.328488913359,-399.330757933026
-399.226695274886,-399.22669527486886,-399.3106267067912,-399.31062670653216,-399.3226599931402,-399.3226599926561,-399.3291109237685,-399.3291109232621,-399.3232240305744,-399.32381769728624,-399.32930489998665,-399.32930509546713,-399.330665899,-399.330664393,-399.3324395089068,-399.3324379909219,-399.330778688,-399.330777057,-399.3324986770532,-399.33249700806175,-399.28941473875545,-399.328668919559,-399.328475218451,-399.32848507731,-399.330833761971
-399.22669526921806,-399.2266952692032,-399.31062253992206,-399.3106225396553,-399.3226555661687,-399.3226555656779,-399.32910646084736,-399.32910646033463,-399.32322042801434,-399.32380502569777,-399.3293010335478,-399.3293012289531,-399.330662077,-399.330660571,-399.3324353303844,-399.33243381271853,-399.330774869,-399.330773238,-399.3324945040725,-399.3324928354938,-399.2894142861396,-399.328665348835,-399.328471003266,-399.328481625403,-399.33077893006
-399.2266952624531,-399.2266952624408,-399.3106185549189,-399.31061855465725,-399.3226513322542,-399.3226513317703,-399.32910219257354,-399.32910219206826,-399.32321698360806,-399.32385186914746,-399.32929733689,-399.32929753223766,-399.330658423,-399.330656917,-399.3324313348736,-399.3324298174908,-399.330771218,-399.330769588,-399.33249051388464,-399.3324888456971,-399.28941387680567,-399.328661888961,-399.328467982782,-399.328478270925,-399.330787427518
-399.22669525475874,-399.22669525474913,-399.31061474696014,-399.3106147466984,-399.3226472861144,-399.32264728563143,-399.32909811373736,-399.329098113232,-399.32321369334977,-399.32383721594647,-399.3292938057728,-399.3292940010564,-399.330654932,-399.330653426,-399.33242751763765,-399.3324260005343,-399.330767731,-399.3307661,-399.3324867017976,-399.3324850339797,-399.2894135250464,-399.328658227322,-399.328465180729,-399.328475136114,-399.33073672369
-399.226695246278,-399.2266952462715,-399.31061111126286,-399.3106111109944,-399.32264342257827,-399.3226434220896,-399.3290942192213,-399.32909421870977,-399.32321055334234,-399.3238379670616,-399.3292904360305,-399.3292906312488,-399.330651602,-399.330650096,-399.33242387408393,-399.3324223572543,-399.330764404,-399.330762773,-399.3324830632175,-399.3324813957569,-399.28941223037725,-399.328655954959,-399.328459456613,-399.328469590499,-399.330781312077
-399.2266952371388,-399.2266952371343,-399.3106076426663,-399.31060764239373,-399.32263973607337,-399.3226397355744,-399.32909050350014,-399.32909050297513,-399.32320755923195,-399.3238106690965,-399.32928722304354,-399.32928741819256,-399.330648427,-399.330646921,-399.3324203991671,-399.33241888257214,-399.330761232,-399.330759601,-399.3324795931064,-399.332477925966,-399.28941277121766,-399.3286513958,-399.328459448947,-399.328468832053,-399.330744100554
-399.22669522745633,-399.22669522745576,-399.31060433629807,-399.3106043360373,-399.3226362212762,-399.32263622079296,-399.329086961275,-399.32908696076777,-399.3232047068948,-399.3238053209853,-399.32928416239776,-399.3292843575157,-399.330645404,-399.330643898,-399.33241708803126,-399.33241557169686,-399.330758211,-399.330756581,-399.3324762866276,-399.332474619832,-399.28941125471385,-399.328650136096,-399.328453637068,-399.328463365448,-399.330781540306
-399.22669521732905,-399.2266952173354,-399.3106011868828,-399.3106011866142,-399.322632872593,-399.32263287210407,-399.32908358696926,-399.3290835864569,-399.3232019919048,-399.3237131766044,-399.3292812493783,-399.3292814444442,-399.330642527,-399.330641021,-399.33241393555375,-399.3324124194618,-399.330755337,-399.330753706,-399.3324731386559,-399.3324714721792,-399.2894120508834,-399.328646214217,-399.328452279222,-399.328462665908,-399.330740306787
-399.2266952068487,-399.2266952068625,-399.3105981892977,-399.31059818903594,-399.3226296844829,-399.3226296840061,-399.3290803750483,-399.3290803745499,-399.32319940984354,-399.3237640115433,-399.3292784792555,-399.3292786742932,-399.330639792,-399.330638286,-399.3324109365812,-399.3324094207346,-399.330752605,-399.330750974,-399.33247014406527,-399.33246847790485,-399.289411770534,-399.32864301505,-399.32845040134,-399.328460448059,-399.330775420824
-399.2266951961026,-399.2266951961166,-399.3105953383061,-399.31059533805177,-399.32262665133726,-399.32262665087205,-399.3290773198967,-399.32907731941134,-399.3231969562212,-399.323867521775,-399.3292758472192,-399.3292760422284,-399.330637194,-399.330635688,-399.33240808592177,-399.3324065703167,-399.33075001,-399.330748379,-399.3324672976632,-399.3324656318116,-399.2894114586159,-399.328640407654,-399.328448211889,-399.328457957268,-399.330764919303
-399.22669518514857,-399.2266951851653,-399.31059262869854,-399.31059262844707,-399.3226237676188,-399.32262376715863,-399.3290744159628,-399.32907441548366,-399.3231946265684,-399.3239908580904,-399.3292733484864,-399.3292735434621,-399.330634728,-399.330633222,-399.3324053783996,-399.33240386302685,-399.330747547,-399.330745917,-399.33246459427966,-399.332462928725,-399.28941118592434,-399.328638003134,-399.328445730066,-399.328455155517,-399.330737813831
-399.22669517405177,-399.22669517407576,-399.310590055386,-399.3105900551272,-399.3226210278581,-399.32262102738895,-399.32907165774975,-399.3290716572588,-399.32319241647025,-399.32425606621746,-399.3292709783162,-399.32927117324135,-399.330632391,-399.330630885,-399.33240280888646,-399.33240129371217,-399.330745212,-399.330743582,-399.33246202879343,-399.33246036350016,-399.2894109388725,-399.328635333777,-399.328442964862,-399.328452085438,-399.330741274143
-399.2266951628664,-399.2266951628953,-399.3105876130952,-399.310587612834,-399.32261842647216,-399.3226184260006,-399.3290690396447,-399.32906903915006,-399.323190321354,-399.3241985021036,-399.32926873180344,-399.32926892668894,-399.330630176,-399.33062867,-399.3324003721117,-399.33239885714255,-399.330743001,-399.33074137,-399.332459595941,-399.33245793091214,-399.289410590848,-399.3286338483,-399.328441943339,-399.328450842023,-399.330768242497
-399.2266951516525,-399.2266951516754,-399.3105852966765,-399.31058529643616,-399.3226159579965,-399.32261595755097,-399.3290665561406,-399.3290665556744,-399.3231883367447,-399.324182244488,-399.32926660413864,-399.3292667990215,-399.33062808,-399.330626574,-399.3323980629015,-399.33239654814565,-399.330740907,-399.330739277,-399.33245729055454,-399.332455625797,-399.28941035446235,-399.328631322452,-399.328439589167,-399.328448203602,-399.330750708075
-399.2266951404295,-399.22669514045646,-399.31058310100053,-399.3105831007513,-399.32261361697726,-399.3226136165248,-399.32906420174174,-399.3290642012688,-399.3231864581273,-399.3241788026514,-399.3292645904808,-399.3292647853257,-399.330626097,-399.330624591,-399.33239587606073,-399.332394361504,-399.330738927,-399.330737297,-399.3324551074411,-399.3324534429406,-399.2894101161066,-399.328629192707,-399.328438224503,-399.328446580996,-399.330718401954
-399.226695129251,-399.2266951292759,-399.3105810210433,-399.31058102080794,-399.32261139809066,-399.32261139765257,-399.32906197107263,-399.32906197061453,-399.32318468110554,-399.32359561036753,-399.3292626861,-399.3292628809264,-399.330624223,-399.330622717,-399.33239380651065,-399.33239229214655,-399.330737056,-399.330735426,-399.3324530415304,-399.3324513772739,-399.28940860384336,-399.328629260023,-399.328433627034,-399.328442618677,-399.330750716963
-399.2266951181446,-399.22669511817,-399.3105790518349,-399.31057905159633,-399.32260929610146,-399.32260929565854,-399.3290598588431,-399.32905985837925,-399.3231830013528,-399.3235940679385,-399.3292608863454,-399.3292610811373,-399.330622453,-399.330620947,-399.3323918492666,-399.33239033507897,-399.330735289,-399.330733659,-399.33245108783893,-399.3324494238119,-399.2894094871006,-399.328626212433,-399.328434124624,-399.328442105836,-399.330756105723
-399.2266951071385,-399.2266951071613,-399.31057718844875,-399.3105771882183,-399.3226073057813,-399.3226073053464,-399.3290578597645,-399.3290578593094,-399.3231814145038,-399.32359332374335,-399.3292591865186,-399.3292593812932,-399.330620782,-399.330619277,-399.33238999930046,-399.3323884852885,-399.330733621,-399.330731991,-399.3324492413478,-399.3324475775469,-399.2894091323014,-399.328624357383,-399.328434257296,-399.328442131734,-399.330708192911
-399.22669509626047,-399.22669509628,-399.31057542610466,-399.31057542581794,-399.32260542210025,-399.3226054216056,-399.32905596874616,-399.3290559682284,-399.3231799163704,-399.3235843674127,-399.32925758211337,-399.3292577767958,-399.330619207,-399.330617701,-399.33238825179166,-399.3323867379564,-399.330732048,-399.330730418,-399.3324474972357,-399.3324458336503,-399.2894061182537,-399.328624965426,-399.328426453047,-399.328436124715,-399.330742710194
-399.2266950855236,-399.2266950855429,-399.3105737600384,-399.3105737597468,-399.32260364001064,-399.32260363951224,-399.3290541806783,-399.3290541801558,-399.32317850269857,-399.3240665756721,-399.32925606856475,-399.3292562632188,-399.330617722,-399.330616216,-399.33238660186464,-399.33238508819227,-399.330730566,-399.330728936,-399.3324458506252,-399.3324441872499,-399.2894089448275,-399.328621224698,-399.328430980263,-399.328438248479,-399.330760196314
-399.22669507495453,-399.22669507497665,-399.3105721858728,-399.3105721855796,-399.3226019548886,-399.3226019543921,-399.3290524908657,-399.3290524903462,-399.32317716966526,-399.3244527997,-399.3292546417332,-399.3292548363695,-399.330616323,-399.330614817,-399.3323850450769,-399.332383531573,-399.33072917,-399.33072754,-399.3324442970825,-399.3324426339195,-399.2894083191499,-399.328620376945,-399.328427917426,-399.328435259153,-399.330709758368
-399.22669506457777,-399.2266950645962,-399.310570698997,-399.31057069872026,-399.3226003619324,-399.3226003614513,-399.32905089444074,-399.32905089393773,-399.32317591321697,-399.324926167075,-399.32925329724543,-399.329253491876,-399.330615006,-399.330613501,-399.33238357679465,-399.3323820634593,-399.330727857,-399.330726226,-399.33244283196433,-399.3324411690036,-399.2894056381028,-399.328620775536,-399.328423140212,-399.32843211829,-399.330711135268
-399.22669505439535,-399.2266950544153,-399.3105692950858,-399.31056929480366,-399.3225988565448,-399.3225988560536,-399.3290493867424,-399.3290493862264,-399.3231747294301,-399.3249085226225,-399.32925203091577,-399.3292522255104,-399.330613767,-399.330612262,-399.3323821924896,-399.33238067930694,-399.33072662,-399.33072499,-399.3324414507717,-399.3324397879897,-399.28940524991464,-399.328618803084,-399.328420314215,-399.328429253404,-399.330743086141
-399.2266950444236,-399.2266950444428,-399.3105679699784,-399.3105679696761,-399.3225974343322,-399.322597433816,-399.3290479633076,-399.3290479627628,-399.3231736146618,-399.325029822702,-399.32925083881327,-399.329251033356,-399.330612602,-399.330611096,-399.33238088799527,-399.3323793749458,-399.330725458,-399.330723828,-399.3324401493108,-399.33243848669935,-399.28940802892686,-399.328616599634,-399.328425940893,-399.328432557763,-399.330701465338
-399.2266950346773,-399.2266950346975,-399.3105667194892,-399.31056671919686,-399.322596090948,-399.3225960904369,-399.32904661971736,-399.3290466191775,-399.3231725652327,-399.3249309716992,-399.3292497169329,-399.3292499114596,-399.330611507,-399.330610001,-399.33237965907625,-399.3323781461477,-399.330724366,-399.330722736,-399.3324389233521,-399.3324372609152,-399.2894080515256,-399.328613934817,-399.328424907451,-399.328431220743,-399.330721253108
-399.2266950251649,-399.22669502518306,-399.3105655398194,-399.3105655395213,-399.32259482235946,-399.3225948218487,-399.3290453518781,-399.3290453513405,-399.32317157771195,-399.32495590204417,-399.3292486616141,-399.32924885612925,-399.330610478,-399.330608972,-399.3323785017678,-399.33237698900626,-399.330723339,-399.33072171,-399.332437768948,-399.33243610669206,-399.2894077712925,-399.328613105309,-399.328425197494,-399.328431433482,-399.330697211463
