HF,UHF,2UHF,MP2,UMP2,2UMP2,MP3,UMP3,2UMP3,MP4,UMP4,2UMP4,CID,UCID,2UCID,CISD,UCISD,2UCISD,CCD,UCCD,2UCCD,CCSD,UCCSD,2UCCSD,CCSD(T),UCCSD(T),2UCCSD(T),QCISD,UQCISD,2UQCISD,QCISD(T),UQCISD(T),2UQCISD(T),CASSCF(2/2),DCD-CAS(2) (2/2),SC-NEVPT2 (2/2),FIC-NEVPT2 (2/2),CASSCF(12/8)_ORCA,CASSCF(12/8),CASPT2_ORCA,CASPT2,DCD-CAS(2),SC-NEVPT2,FIC-NEVPT2,MRCI,MRCI+Q Davidson,MRCI+Q Davidson relaxed,MRCI+Q Pople,MRCI+Q Pople relaxed,MR-ACPF,MR-AQCC
358.08119502321364,358.0112594083323,358.0112594078644,357.86076030724223,357.809955114002,357.8099551103832,357.83948130876456,357.7901156382612,357.7901156349768,357.8306026279597,357.7829418127757,357.7829418092446,357.84689018550364,357.7944095802863,357.7944095770719,357.84689018550364,357.7944095802863,357.7944095770719,357.83156337883867,357.78276365586214,357.78276365165243,357.829725786,357.780822482,357.780822481,357.820078094651,357.7710714451794,357.7710714433907,357.8293789,357.781048093,357.781048092,357.81991959759694,357.77191183918177,357.7719118364772,358.05205996862145,357.833624433856,357.833624347856,357.756726116324,358.03539621906,358.044473971308,357.829750258879,,357.844062087557,357.86783748335,357.847181017459,,,,,,,
44.66819805444072,44.601374026257474,44.601374026273845,44.42386073881087,44.375429571705446,44.37542957056986,44.40406385118419,44.35734793763427,44.357347936539405,44.394714048163614,44.35003560980687,44.35003560861273,44.41352178265136,44.36277950998555,44.36277950899931,44.41352178265136,44.36277950998555,44.36277950899931,44.39680223449155,44.3488232067057,44.34882320545911,44.394787321,44.346786818,44.346786818,44.38529806890185,44.33607052370327,44.33607052335638,44.394490805,44.347101743,44.347101743,44.38520775170248,44.33709084885256,44.33709084832094,44.64029355772723,44.398980420435,44.398980484679,44.339631808449,44.633399915759,44.630494497579,44.40217590658,44.394014090683,44.418892200201,44.443112728276,44.419392861993,44.391632387398,44.37865284,44.3786743,44.38041449,44.38043372,44.379812835493,44.382236911246
-50.04956290228103,-50.113566024582894,-50.11356602460268,-50.31323346044648,-50.35934927813188,-50.35934927950824,-50.33348553921847,-50.37753450455454,-50.377534505537255,-50.34399685107498,-50.38569597831956,-50.38569597941645,-50.32154748857276,-50.370584124622205,-50.3705841255423,-50.32154748857276,-50.370584124622205,-50.3705841255423,-50.34126298879395,-50.38786495996475,-50.38786496074307,-50.343500647,-50.39003159,-50.390031591,-50.35379544504883,-50.40221540635607,-50.4022154070003,-50.343771493,-50.389660455,-50.389660456,-50.35386684147776,-50.4010250787361,-50.40102507983664,-50.07649643015528,-50.335800582379,-50.335801076241,-50.383600695037,-50.092491442121,-50.09662497959,-50.334746857231,-50.337959269602,-50.315644595942,-50.289489943674,-50.311426441148,-50.338988808706,-50.35074085,-50.35067133,-50.34910581,-50.34904402,-50.349692096417,-50.34749581545
-90.96001322391784,-91.01774300671984,-91.0213410872474,-91.24075744959784,-91.27808423123103,-91.28542394920808,-91.26277670036647,-91.294080901394,-91.305372919574,-91.27480817701604,-91.30200766501406,-91.31500079121906,-91.24788778031844,-91.28454857555596,-91.29619428222736,-91.24788778031844,-91.28454857555596,-91.29619428222736,-91.2731518039495,-91.29671806468208,-91.31812229277072,-91.276133405,-91.299785396,-91.320490165,-91.29176869142256,-91.30649911842856,-91.33500137758764,-91.276437858,-91.300344347,-91.320122664,-91.29185142803392,-91.30688473524812,-91.33367607189584,-90.98611516369328,-91.261556576214,-91.26155657892,-91.303028576807,-91.024527340307,-91.03011774832,-91.285346900186,-91.288358557088,-91.260455622346,-91.235943068483,-91.258647279961,-91.287719151304,-91.30155461,-91.30131258,-91.29967171,-91.29945517,-91.300447024522,-91.297771719219
-111.43998949140015,-111.49592670858893,-111.49592670860258,-111.73938906475315,-111.78336165090654,-111.78336161059084,-111.76145882700798,-111.8049362256166,-111.80493619100392,-111.77313878886568,-111.81595148363778,-111.81595145453448,-111.74457770210388,-111.79265414507056,-111.79265411541296,-111.74457770210388,-111.79265414507056,-111.79265411541296,-111.76864532952987,-111.82096401475584,-111.82096399786916,-111.770261832,-111.822937448,-111.822937454,-111.78322633007969,-111.84271071541698,-111.84271071821128,-111.770351082,-111.822838907,-111.822838923,-111.78305840119776,-111.8417420883676,-111.84174209234,-111.46516104513806,-111.757776227401,-111.757776217492,-111.795418282452,-111.492374206655,-111.480330632416,-111.76877504083,-111.768666239495,-111.747061155466,-111.71796493474,-111.744511483327,-111.768391895711,-111.78658354,-111.7865288,-111.78420835,-111.78415873,-111.78624109464,-111.782256115828
-123.27499854252709,-123.32589007740424,-123.32589007741448,-123.61112252578656,-123.64731050677806,-123.64731050201183,-123.63019083019766,-123.66441489582648,-123.66441489436691,-123.64008713525192,-123.67291079651602,-123.67291079603976,-123.61186558654911,-123.65105011230234,-123.65105011070376,-123.61186558654911,-123.65105011230234,-123.65105011070376,-123.63320949779072,-123.67149777775369,-123.67149777992194,-123.63491958,-123.673085025,-123.673085026,-123.64557566090288,-123.68605572044174,-123.68605572134416,-123.635043882,-123.673225899,-123.6732259,-123.64557698168142,-123.6860260001864,-123.6860260023491,-123.2994817552796,-123.623327864577,-123.623197388071,-123.640543378061,-123.324836136445,-123.324790742515,-123.571613306425,-123.633425388906,-123.550931609865,-123.520404561456,-123.549762470138,-123.633392886741,-123.6497528,-123.6496795,-123.64751971,-123.64745416,-123.648721811015,-123.645461307122
-131.1319247324126,-131.1818989927542,-131.1818989927699,-131.46571548415696,-131.50224615942255,-131.50224615833577,-131.48258300168615,-131.51732044065375,-131.51732044012363,-131.49129395398813,-131.5248089622754,-131.5248089617965,-131.46636295266,-131.50551544524143,-131.5055154446984,-131.46636295266,-131.50551544524143,-131.5055154446984,-131.48674324060894,-131.52457226337313,-131.52457226308712,-131.488019446,-131.525773818,-131.525773819,-131.49817588931955,-131.53757873214695,-131.53757873218865,-131.488144013,-131.525910246,-131.525910246,-131.49817898190375,-131.53755918653226,-131.53755918668327,-131.1559986945178,-131.478431486299,-131.478346334659,-131.485267177257,-131.167326200773,-131.172118358306,-131.476526615296,-131.485297061342,-131.449670554732,-131.442220328989,-131.449136377798,-131.485576044369,-131.50116744,-131.50114718,-131.49900956,-131.49899152,-131.500654364274,-131.497323343451
-136.45876544731436,-136.63065878679015,-136.4926122073286,-136.8039584825232,-136.9485582890993,-136.8269895544076,-136.82110080462147,-136.9623571629404,-136.84007663290404,-136.8362095622831,-136.9691208836566,-136.8510522264687,-136.80602314120645,-136.9514588913941,-136.82792066621425,-136.80602314120645,-136.9514588913941,-136.82792066621425,-136.78914640191508,-136.96815415953873,-136.82448403907455,-136.972442531,-136.826268331,-136.972246051,-136.7927207089005,-136.98509372068744,-136.84853194046218,-136.826539055,-136.607272198281,-136.910466207824,-136.7923669033858,-136.98503144935617,-136.848233614378,-136.4742046077315,-136.81139813463,-136.811398013018,-136.837269065572,-136.905074634922,-136.932311246074,-136.880982138996,-136.94883943,-136.893917594705,-136.615454716838,-136.932996894436,-136.94882593,-136.94657519,-136.94656312,-136.950087889491,-136.945581822446,,
-140.3616309049853,-140.4460022330259,-140.39634800807795,-140.71315923216812,-140.7689393731141,-140.73776229565323,-140.72657363226554,-140.7811131868149,-140.74883475156247,-140.73752142682778,-140.78771978165332,-140.757756571215,-140.71108695177267,-140.76993478749773,-140.73566157584295,-140.71108695177267,-140.76993478749773,-140.73566157584295,-140.74019717227924,-140.78242650605043,-140.7568207633385,-140.74089489,-140.784124406,-140.757774639,-140.7598770152792,-140.79100538470743,-140.77283102518862,-140.741125333,-140.784299617,-140.757939071,-140.76015244691084,-140.79102136908287,-140.7729724253542,-140.37701664517203,-140.722865761823,-140.722865606215,-140.763404551488,-140.427539992129,-140.380262489829,-140.742845835053,-140.712126854119,-140.720907966576,-140.712342823854,-140.719319147833,-140.708787334329,-140.72818098,-140.72792401,-140.72560198,-140.72537042,-140.746389493908,
-143.106418239407,-143.14525027214847,-143.142662458647,-143.46622142595507,-143.48840920045967,-143.49229239808557,-143.47763692449328,-143.4986051745758,-143.50226028196226,-143.48714213149657,-143.50639505320325,-143.51060135087243,-143.46163036194238,-143.48533702195596,-143.48817836233297,-143.46163036194238,-143.48533702195596,-143.48817836233297,-143.4810899721716,-143.49970003393415,-143.50437469307496,-143.482165888,-143.504538904,-143.505522757,-143.4917536939648,-143.51329148634272,-143.5143094719096,-143.482307489,-143.504370692,-143.505626619,-143.4918012711958,-143.5131573077415,-143.51430094555832,-143.121958597435,-143.477815127604,-143.477814857693,-143.533917199152,-143.136816033992,-143.134359388259,-143.469574070912,-143.48587905713,-143.449443042836,-143.441592514281,-143.448068422623,-143.475956278024,-143.49473465,-143.49471563,-143.49219289,-143.49217583,-143.494830234888,-143.490347267899
-145.04199900944093,-145.08040595531287,-145.080405955279,-145.4100053810707,-145.43762940482932,-145.43762939280995,-145.42048779267333,-145.44714512427677,-145.44714511609436,-145.42959560355078,-145.45547450909342,-145.45547450048235,-145.4037208397675,-145.43215324096764,-145.43215323341988,-145.4037208397675,-145.43215324096764,-145.43215323341988,-145.42202750765463,-145.44825506811296,-145.4482550600114,-145.423062101,-145.449335554,-145.449335554,-145.43208777306907,-145.45806060197532,-145.458060601979,-145.423187067,-145.449432358,-145.449432359,-145.43212046908897,-145.45803951360415,-145.45803951398509,-145.05794704333078,-145.423318635212,-145.423318185481,-145.497520493248,-145.068823331845,-145.071901107764,-145.408476331711,-145.431020862404,-145.38728095502,-145.377683038986,-145.38575691602,-145.419055074454,-145.43785053,-145.43782689,-145.43529735,-145.43527618,-145.436179535595,-145.43262612591
-146.41211242288756,-146.45308666132496,-146.4530866612992,-146.78722225739645,-146.81651542452806,-146.81651541662296,-146.7974384921933,-146.82605199685412,-146.82605199163308,-146.80661407931183,-146.83463709590634,-146.83463709023195,-146.779813602687,-146.81020842248927,-146.81020841753096,-146.779813602687,-146.81020842248927,-146.81020841753096,-146.7983851131533,-146.82684963763592,-146.82684963216198,-146.799347463,-146.827909739,-146.827909739,-146.8086569870723,-146.8370399480795,-146.8370399480946,-146.799470204,-146.828016287,-146.828016288,-146.8086870691639,-146.83701369325814,-146.8370136936781,-146.4286584927476,-146.80215461658,-146.802154202316,-146.894603678925,-146.441389980334,-146.442703889425,-146.808203907501,-146.808988151477,-146.776280422937,-146.768440422231,-146.7754655108,-146.795794770732,-146.81551575,-146.81549831,-146.81285654,-146.81284088,-146.813384239338,-146.809828145472
-147.38538698820548,-147.42902915845656,-147.42902915844388,-147.7664078594792,-147.79738942517628,-147.79738942282054,-147.77670973696635,-147.80720841694497,-147.8072084155951,-147.78621483673845,-147.81620700894763,-147.8162070073188,-147.75820887945903,-147.79057758805135,-147.7905775866058,-147.75820887945903,-147.79057758805135,-147.7905775866058,-147.7774069311656,-147.8079019243767,-147.80790192269015,-147.778366952,-147.809019007,-147.809019007,-147.78816074454042,-147.8186772611606,-147.81867726118224,-147.7784998,-147.809144769,-147.80914477,-147.7881902333955,-147.81864609997876,-147.81864610031172,-147.40259693972783,-147.782844167781,-147.78284362491,-147.891514383617,-147.42156313794,-147.420841257949,-147.694432468546,-147.789565554785,-147.670574795851,-147.643415434834,-147.670103257479,-147.775625875086,-147.7958261,-147.79579994,-147.79311506,-147.79309154,-147.793523921614,-147.789928366353
-148.07809057276768,-148.12425963164327,-148.12425963163187,-148.46427153956552,-148.4968124547741,-148.49681245460545,-148.47475139315682,-148.50696204294988,-148.50696204282812,-148.48478065334467,-148.51650137612995,-148.5165013758634,-148.4553622632576,-148.48957208464162,-148.48957208433055,-148.4553622632576,-148.48957208464162,-148.48957208433055,-148.47532607281465,-148.50764035753429,-148.50764035708863,-148.476362535,-148.508877817,-148.508877817,-148.48672247289252,-148.51912185476,-148.519121854755,-148.476513966,-148.50902614,-148.50902614,-148.48675215503303,-148.51908424092557,-148.51908424103132,-148.09590976093315,-148.482065131284,-148.482064386306,-148.603817094379,-148.108683520039,-148.119146292848,-148.488151966554,-148.488563528556,-148.458606600791,-148.450823028488,-148.456979896716,-148.474364598312,-148.49501433,-148.49497447,-148.49225741,-148.49222152,-148.492620900497,-148.488956873417
-148.57071833200447,-148.61914107661468,-148.61914107660354,-148.96185916516964,-148.99570225367668,-148.99570225408675,-148.9724109135611,-149.006057831717,-149.00605783224347,-148.9831558285153,-149.01628144036331,-149.0162814408235,-148.95209740233582,-148.98789532254733,-148.98789532287955,-148.95209740233582,-148.98789532254733,-148.98789532287955,-148.97292910136073,-149.00676609427663,-149.00676609449883,-148.974107533,-149.008175623,-149.008175623,-148.98509442275008,-149.01905003466695,-149.01905003461425,-148.974283955,-149.008348717,-149.008348716,-148.98512550828048,-149.01900475630092,-149.01900475631012,-148.5890135249145,-148.980850215278,-148.980849202392,-149.112416943673,-148.604559307754,-148.617977018432,-148.988767489473,-148.987015964033,-148.958986355381,-148.950641804524,-148.956974523239,-148.972804128379,-148.99386988,-148.99381176,-148.99107268,-148.99102026,-148.991412051311,-148.987674864565
-148.91952799122154,-148.96988910222592,-148.9698891022298,-149.3158799251672,-149.3506918538263,-149.35069185482712,-149.32625496049147,-149.3610058589775,-149.36100585982393,-149.33793859590585,-149.3720983503453,-149.37209835118503,-149.30495605525874,-149.34202730065078,-149.34202730132068,-149.30495605525874,-149.34202730065078,-149.34202730132068,-149.32676357961336,-149.36177071980654,-149.36177072046405,-149.328140994,-149.363402899,-149.363402899,-149.33982266411093,-149.37495640277132,-149.37495640275628,-149.328350226,-149.363606063,-149.363606063,-149.33985768708487,-149.3749041660492,-149.37490416606127,-148.93813255144136,-149.335913035632,-149.335911830947,-149.474428879043,-148.956754236744,-148.97353527276,-149.344290003609,-149.341636465028,-149.314288738586,-149.305261945591,-149.31180658862,-149.327490522342,-149.34895063,-149.34887024,-149.34611691,-149.34604429,-149.346435943099,-149.34262619
-149.164269694353,-149.21626455525947,-149.21626455524162,-149.56640131803564,-149.60182116578974,-149.60182116580836,-149.57624757591407,-149.61175984641432,-149.61175984679232,-149.5891430316075,-149.62395722836737,-149.62395722872688,-149.55388536641854,-149.59190430454154,-149.5919043047988,-149.55388536641854,-149.59190430454154,-149.5919043047988,-149.57679019155964,-149.61260234681055,-149.6126023468818,-149.578423178,-149.614512493,-149.614512493,-149.59088425917912,-149.62680544279104,-149.62680544263165,-149.578676803,-149.614756004,-149.614756004,-149.5909277188509,-149.62674980731117,-149.62674980708647,-149.18301564806677,-149.587333891955,-149.587331647307,-149.735409444103,-149.205039926045,-149.2255751502,-149.595516838042,-149.592494070208,-149.565251793267,-149.555394931321,-149.562190326063,-149.578404454607,-149.60024282,-149.60013691,-149.59737537,-149.59727954,-149.59767543436,-149.59379447873
-149.33331980721323,-149.38667795230245,-149.38667795227803,-149.74201315658777,-149.7776841394856,-149.7776841390882,-149.75089581656158,-149.78684726179898,-149.78684726195254,-149.76533749334166,-149.80044201289036,-149.8004420130451,-149.72738426590936,-149.76604583869909,-149.76604583877395,-149.72738426590936,-149.76604583869909,-149.76604583877395,-149.75152154588903,-149.7877909717641,-149.78779097164565,-149.753470998,-149.790040658,-149.790040658,-149.76681662922206,-149.80314892354588,-149.8031489233461,-149.753785453,-149.790340384,-149.790340383,-149.7668754128136,-149.80309699187663,-149.8030969915584,-149.35205553957147,-149.76371527785,-149.763714467957,-149.918280829667,-149.403168975723,-149.40250966188,-149.75793905875,-149.768173505486,-149.727029258136,-149.718552143801,-149.724907868505,-149.754096555658,-149.77630005,-149.77616645,-149.77340106,-149.77327998,-149.773682516009,-149.769731876207
-149.4471319135957,-149.5016232287545,-149.50162322875585,-149.86331438082135,-149.89889977792683,-149.89889978026545,-149.87072242671687,-149.9068272845779,-149.90682728617173,-149.887115790357,-149.92217349250276,-149.92217349424635,-149.8459754720994,-149.8850101510494,-149.8850101524022,-149.8459754720994,-149.8850101510494,-149.8850101524022,-149.87149276841765,-149.9079041594374,-149.90790416101575,-149.873825491,-149.910560678,-149.910560678,-149.88818258805898,-149.92457758684992,-149.92457758693106,-149.874222514,-149.910937924,-149.910937924,-149.8882662086486,-149.92453979317207,-149.9245397933032,-149.46572970094834,-149.885663956673,-149.885661276116,-150.045621536096,-149.525475507129,-149.524838768279,-149.882806341358,-149.889262026126,-149.851629006645,-149.843176225713,-149.849204171136,-149.875149168637,-149.89770386,-149.89754177,-149.89477537,-149.89462823,-149.895038987494,-149.891020508495
-149.52058770058207,-149.57602021259467,-149.57602021259737,-149.94528717128955,-149.98047586644435,-149.98047586902427,-149.95063093054912,-149.98664645656876,-149.98664645835154,-149.9694630206843,-150.0041665903588,-150.00416659234935,-149.9245709159615,-149.96374929924417,-149.963749300787,-149.9245709159615,-149.96374929924417,-149.963749300787,-149.9516262065342,-149.98790180081363,-149.98790180261545,-149.954414585,-149.991036449,-149.991036449,-149.9699315004592,-150.00607289658296,-150.00607289666243,-149.954921344,-149.99151835,-149.991518349,-149.9700521494784,-150.0060639010719,-150.00606390121084,-149.5389453843241,-149.968162989496,-149.968157619564,-150.132717945745,-149.608094764687,-149.607483986223,-149.966522001619,-149.970723321855,-149.935214415946,-149.926734690918,-149.932530357092,-149.956534006338,-149.97942342,-149.97923355,-149.97646752,-149.9762949,-149.976714946203,-149.972630961834
-149.56460469998183,-149.62081909850315,-149.6208190985025,-149.99891559926496,-150.0334221511554,-150.03342214997548,-150.00151926834295,-150.03724744714145,-150.03724744661628,-150.0233701808689,-150.0574404785314,-150.05744047794795,-149.97408702323392,-150.01321891104251,-150.01321891056045,-149.97408702323392,-150.01321891104251,-150.01321891056045,-150.00284580540716,-150.03874500763249,-150.03874500707536,-150.006166062,-150.042431157,-150.042431157,-150.02301066346803,-150.05861462924423,-150.05861462917238,-150.006815003,-150.043050363,-150.043050363,-150.02318301050968,-150.0586527939611,-150.0586527938459,-149.58264445932815,-150.02218976473,-150.02218457059,-150.190776643312,-149.661967903688,-149.661385839832,-150.020718424401,-150.023515608569,-149.989326034396,-149.980927384373,-149.98643065717,-150.009221291131,-150.03242607,-150.03221053,-150.02944498,-150.02924873,-150.029678777908,-150.025532130834
-149.58723684926076,-149.64410041197632,-149.644100411977,-150.03229089915564,-150.06585349647077,-150.0658534956303,-150.0313829327199,-150.066670264427,-150.0666702641934,-150.05693765752667,-150.0901202582749,-150.09012025799888,-150.0025502306408,-150.04148121170832,-150.0414812114932,-150.0025502306408,-150.04148121170832,-150.0414812114932,-150.03318166521893,-150.0684982010398,-150.06849820079853,-150.037111003,-150.072808444,-150.072808444,-150.05546712293463,-150.0902802857346,-150.09028028568437,-150.037939245,-150.073602826,-150.073602826,-150.05570772967826,-150.09038750731878,-150.09038750724915,-149.60490278152471,-150.055821522251,-150.055816888431,-150.228042597223,-149.695150502712,-149.694599309237,-150.053804223736,-150.055696816295,-150.022317998757,-150.013982428761,-150.019258922987,-150.041280436489,-150.06477888,-150.06454071,-150.06177488,-150.06155773,-150.061998244317,-150.057792223564
-149.59443661294347,-149.6518377413069,-149.65183774130412,-150.05137751190475,-150.0837556794866,-150.08375567922323,-150.04608113818298,-150.08081796413015,-150.08081796428783,-150.07614088746797,-150.10820220540435,-150.10820220556815,-150.015865401683,-150.05447253363107,-150.05447253377278,-150.015865401683,-150.05447253363107,-150.05447253377278,-150.04853798044246,-150.08309594659434,-150.08309594677496,-150.053151773,-150.088099105,-150.088099105,-150.0732143568556,-150.10701050318715,-150.10701050316112,-150.054199875,-150.089110752,-150.089110751,-150.07354054294092,-150.10721132486765,-150.10721132484025,-149.61169198044132,-150.075002201168,-150.074999169369,-150.25057681026,-149.713574504699,-149.713055815408,-150.071889366801,-150.073191802824,-150.04027863997,-150.032035007139,-150.037098484664,-150.058645312461,-150.0824142,-150.08215667,-150.07938961,-150.0791545,-150.079605778278,-150.075344049502
-149.59059723585258,-149.64950253014584,-149.64844098594847,-150.06056011052618,-150.07501658527167,-150.09153286308515,-150.04988557872483,-150.07449350958015,-150.08400536508944,-150.08537786955037,-150.10579306628733,-150.11610133870104,-150.0183660528943,-150.04827059866565,-150.05655328457024,-150.0183660528943,-150.04827059866565,-150.05655328457024,-150.05324398195492,-150.0769595411161,-150.0868930244861,-150.058611939,-150.092386293,-150.092650745,-150.08058133090202,-150.11268681227426,-150.11315756235507,-150.059921855,-150.094203674,-150.093924451,-150.08100928569152,-150.11344819123087,-150.1134779104008,-149.6074217398736,-150.08409050047,-150.084079395124,-150.262813483677,-149.721594786817,-149.721109813798,-150.079430775118,-150.080342518369,-150.047646627576,-150.039500278654,-150.044376886825,-150.065663457191,-150.08967886,-150.08940459,-150.08663599,-150.0863853,-150.086847543625,-150.082534114189
-149.578951314991,-149.64393958686932,-149.63715590229054,-150.063046839671,-150.05594765870978,-150.09241141494314,-150.04588605106235,-150.06039108449562,-150.0793645849148,-150.08787325806023,-150.09238535770936,-150.1170556496055,-150.0132204609699,-150.0348802964207,-150.0509140580203,-150.0132204609699,-150.0348802964207,-150.0509140580203,-150.05046077687734,-150.0626904720522,-150.083070903618,-150.05664461,-150.089003467,-150.089634736,-150.08072108217468,-150.11064285645173,-150.1118918098716,-150.058257185,-150.09191863,-150.091216292,-150.08126346448387,-150.11199201110446,-150.11235761133935,-149.59533851075483,-150.086264803563,-150.086262949279,-150.267971672863,-149.722395041445,-149.721944678957,-150.079665348278,-150.080315294099,-150.047645866678,-150.039589896611,-150.044303862642,-150.065503839294,-150.08974161,-150.08945181,-150.08668273,-150.08641756,-150.086890928802,-150.082530174041
-149.5618706495893,-149.63646162026387,-149.62036476336195,-150.06117305159,-150.03899212970137,-150.08874408456046,-150.03629635733765,-150.04695132124863,-150.06915068167515,-150.08598305345583,-150.07803918387597,-150.11343088762547,-150.0027371037863,-150.0218027194138,-150.03988122812535,-150.0027371037863,-150.0218027194138,-150.03988122812535,-150.04248904689655,-150.0489270721097,-150.07394482954544,-150.049540102,-150.080506435,-150.081354043,-150.07591955013737,-150.10350486823182,-150.10550986690365,-150.051491958,-150.084605493,-150.083287146,-150.07658228716934,-150.1053061119189,-150.10614413657007,-149.5778255239897,-150.083827902895,-150.083825984545,-150.268369944013,-149.718295976313,-149.717880892746,-150.074935686321,-150.075409539443,-150.042608228606,-150.034623153989,-150.03919684757,-150.060466123024,-150.08490167,-150.08459572,-150.08182908,-150.08154885,-150.082033459914,-150.077630233848
-149.54109350408032,-149.6277328043661,-149.59981425910402,-150.05663206318815,-150.02305623859317,-150.08224103422444,-150.02268654177865,-150.0338563539619,-150.05497353160868,-150.0814264380809,-150.06350031298683,-150.10695247074798,-149.9885956255108,-150.0088416841895,-150.02514823858252,-149.9885956255108,-150.0088416841895,-150.02514823858252,-150.03100115357117,-150.03544089848162,-150.06119573793572,-150.03896129,-150.068637297,-150.069476746,-150.06783355428112,-150.0928621471004,-150.0956693722354,-150.041281689,-150.074044041,-150.071800951,-150.06861221323936,-150.09518275176526,-150.0964902891195,-149.556630220326,-150.078439614105,-150.078425919498,-150.265664776305,-149.710990267809,-149.710610954052,-150.066935799497,-150.067292792168,-150.034217336621,-150.026285617465,-150.030727728762,-150.052216883283,-150.07682448,-150.07649988,-150.07374057,-150.07344299,-150.073938899094,-150.069498665885
-149.51789574773863,-149.61854450088467,-149.57678713643764,-150.05064989265344,-150.00640968978027,-150.07414471447302,-150.00615827183975,-150.02011967395927,-150.03797287957815,-150.07546180975876,-150.0481967200217,-150.09888160152644,-149.97202039496207,-149.9953162437492,-150.00794966807567,-149.97202039496207,-149.9953162437492,-150.00794966807567,-150.01721760947913,-150.0214045816674,-150.04604625626337,-150.026118722,-150.054693431,-150.055212809,-150.05766836500882,-150.07977523914704,-150.08356765288033,-150.028826565,-150.061388208,-150.057961092,-150.05854430540896,-150.08296067024708,-150.08458596250728,-149.53303556757743,-150.071292866466,-150.071283719696,-150.261035427368,-149.701719395876,-149.701376169858,-150.056897833816,,-150.023690671574,-150.015785858319,-150.020108168298,,,,,,,
-149.49321768656608,-149.61025892950644,-149.5522294307465,-150.04411571872012,-149.9861023240678,-150.06536037854954,-149.98747517097715,-150.00363662507195,-150.0189484569036,-150.0690188190613,-150.0300653279899,-150.09014737365342,-149.9539088238323,-149.9798104034913,-149.98919019697712,-149.9539088238323,-149.9798104034913,-149.98919019697712,-150.002036111578,-150.0050392582367,-150.02939042080123,-150.011902576,-150.03968434,-150.039445449,-150.04631313937855,-150.0650491815514,-150.07007530343745,-150.015003509,-150.047230965,-150.042642351,-150.04724888401768,-150.06975714193254,-150.07129201520408,-149.50798708775952,-150.063245463836,-150.063237767445,-150.255322350803,-149.691403210293,-149.691096116364,-150.045724600986,-150.045958105902,-150.011917248843,-150.004016307397,-150.008227767617,-150.030611592726,-150.05547585,-150.05510114,-150.05237745,-150.05203341,-150.052551866945,-150.048057256921
-149.46775603110996,-149.6045509524459,-149.5268427568879,-150.0376770229345,-149.96397199466514,-150.05655123860248,-149.9671572909021,-149.98548730117508,-149.99845437774437,-150.06279543345448,-150.0097668961606,-150.08144383222145,-149.93492396279836,-149.96361763239636,-149.96953791241387,-149.93492396279836,-149.96361763239636,-149.96953791241387,-149.98612607353155,-149.987529457224,-150.01188885378627,-149.996976652,-150.024473872,-150.022826285,-150.03443727347056,-150.04946616050992,-150.05583357556415,-150.000461017,-150.031837984,-150.02648626,-150.0353725926556,-150.0555876324511,-150.05723737112123,-149.4821850383441,-150.054916356147,-150.054910166215,-150.24912884107,-149.680731139187,-149.680459865747,-150.034085980821,-150.034292761571,-149.999555534687,-149.991668040817,-149.995751920426,-150.018809455932,-150.04375143,-150.04334452,-150.04065048,-150.04027666,-150.040805821987,-150.036295513055
-149.4420290604729,-149.60179388355925,-149.50114973412536,-150.0318070211198,-149.9458412137534,-150.04820587889574,-149.94554762895245,-149.97014939645203,-149.97686568851012,-150.05732770209707,-149.9917443629701,-150.07329958981165,-149.91555947025228,-149.9503438713327,-149.94948995622048,-149.91555947025228,-149.9503438713327,-149.94948995622048,-149.9699942513744,-149.97285415351885,-149.99403497100735,-149.981845046,-150.009819285,-150.005842227,-150.02255986031955,-150.03376657045868,-150.0413229789944,-149.985684699,-150.016037894,-150.009968635,-150.02340497134472,-150.03997232535227,-150.04288821175527,-149.45614980249883,-150.046753959417,-150.046735934855,-150.242892957839,-149.670223030732,-149.669986712911,-150.022484528024,-150.022677793572,-149.987102220293,-149.979243343952,-149.983189457969,-150.007062582592,-150.03204291,-150.03160028,-150.028943,-150.02853619,-150.029075451448,-150.02455808367
-149.41642205100283,-149.6012763107998,-149.47553962002365,-150.0268512547233,-149.9329868596327,-150.040684787442,-149.92285785680687,-149.9589755159936,-149.9544241833161,-150.05303913556193,-149.97786479639683,-150.0661268647475,-149.8961841455119,-149.94083462728966,-149.92941763756252,-149.8961841455119,-149.94083462728966,-149.92941763756252,-149.95402943094456,-149.9620702883763,-149.97620053690184,-149.966895833,-149.996349416,-149.988861659,-150.0110942269818,-150.01876247236703,-150.0269113590329,-149.971042854,-150.001113169,-149.993445429,-150.01172529866616,-150.023934382059,-150.02859462122305,-149.43026754778373,-150.039083354239,-150.039071330483,-150.23693656964,-149.660267030201,-149.66006409422,-150.011294001612,-150.011481897611,-149.974937583108,-149.967142787534,-149.97093604995,-149.995749711737,-150.02072514,-150.02024568,-150.01763017,-150.01718938,-150.017737839822,-150.013222474757
-149.391219046573,-149.60217989329047,-149.45030023140149,-150.02305951132485,-149.92436291059823,-150.03425216976447,-149.89919964466296,-149.95134773585215,-149.9312698229037,-150.05027583604672,-149.96785318874836,-150.0602560719473,-149.87707233040007,-149.9344254983056,-149.90959727737985,-149.87707233040007,-149.9344254983056,-149.90959727737985,-149.93853335658127,-149.95456094095044,-149.95866731471298,-149.952432124,-149.984489878,-149.972165835,-150.00038065589715,-150.00511320594143,-150.0128869378831,-149.956815425,-149.987998657,-149.977184638,-150.00063095216612,-150.00892209213242,-150.01462401685265,-149.40482222011158,-150.032138514325,-150.032131301132,-150.231497892015,-149.651141382683,-149.650969443657,-150.0007880579,-150.000970957323,-149.963353566208,-149.955687479452,-149.959299910482,-149.985152704294,-150.01007716,-150.0095633,-150.0069912,-150.0065187,-150.007075170637,-150.002570868795
-149.3666257992834,-149.60387781975663,-149.425640980363,-150.0206081954939,-149.91873440912303,-150.0290981746583,-149.8746067979046,-149.94633033037033,-149.90746294584076,-150.04933235452654,-149.9608745169474,-150.05596098729535,-149.85842528617243,-149.93027369916413,-149.8902318860714,-149.85842528617243,-149.93027369916413,-149.8902318860714,-149.92374015472518,-149.94948028422226,-149.94165082414315,-149.938690635,-149.974443619,-149.955971689,-149.990703742328,-149.9931554224413,-149.99948309441385,-149.943214357,-149.977061844,-149.961387288,-149.99035717401037,-149.99579476754522,-150.00118205015173,-149.38001869274447,-150.026084700003,-150.026077757658,-150.226753016945,-149.643026544962,-149.642905531912,-149.991152230197,-149.986778126703,-149.952569673123,-149.945082633501,-149.948517457206,-149.974672213359,-149.99931161,-149.99875793,-149.99625632,-149.99574746,-149.996293087633,-149.991854013415
-149.3427872260567,-149.60594407764555,-149.40171037258753,-150.0196168713608,-149.91513527517156,-150.0253552679592,-149.84905189419115,-149.94312607653663,-149.8830009538144,-150.05047177896597,-149.9561106164661,-150.0534780563303,-149.84038715450015,-149.9276852765968,-149.87146729954625,-149.84038715450015,-149.9276852765968,-149.87146729954625,-149.90983127981718,-149.94611776272404,-149.92531503192663,-149.925856439,-149.966237924,-149.940447514,-149.98230662047797,-149.98299097397978,-149.98689525869355,-149.930397489,-149.96827217,-149.94620464,-149.981089548789,-149.98480114140895,-149.98843139151623,-149.3560004092356,-150.02103478036,-150.021027534612,-150.222830643094,-149.636013444996,-149.635998958202,-149.982481025773,-149.976805786351,-149.942740934893,-149.935523073617,-149.938756869317,-149.965853134075,-149.99025217,-149.98969206,-149.98722238,-149.98670782,-149.987245323705,-149.982855611645
-149.31980127771047,-149.60810717628112,-149.37860987228413,-150.0201612062768,-149.9128816935738,-150.02311101081335,-149.82245953688903,-149.94114209080018,-149.85783159819732,-150.05394207558464,-149.9529061705404,-150.05302195322787,-149.82305758518663,-149.92614786341215,-149.85340488813523,-149.82305758518663,-149.92614786341215,-149.85340488813523,-149.8969454984189,-149.94394162379686,-149.90978780980467,-149.914070624,-149.959768236,-149.925728369,-149.9753942973452,-149.97459963531935,-149.97529997196156,-149.91847864,-149.961410055,-149.931749691,-149.97297115902447,-149.97587287912415,-149.97650267620986,-149.332863413843,-150.01706178613,-150.017054660423,-150.219822778098,-149.630112835777,-149.630245987689,-149.974815790186,,-149.933961711138,-149.9270998696,-149.93012441528,,,,,,,
-149.29773006323057,-149.61020433437037,-149.35640499095717,-150.02228336694583,-149.9115071535889,-150.02241832009705,-149.79471714507238,-149.93996096617195,-149.83186380716575,-150.0599896223191,-149.95077611497365,-150.05479839903845,-149.80650195111363,-149.92529973831122,-149.83611179545747,-149.80650195111363,-149.92529973831122,-149.83611179545747,-149.88518388040373,-149.94257095665907,-149.89517283081582,-149.903434234,-149.954837522,-149.91192714,-149.97013075333567,-149.9678864171772,-149.96486878001036,-149.907532863,-149.956188724,-149.918108351,-149.96610414741536,-149.96881571942205,-149.9655073286034,-149.310667612338,-150.014208821778,-150.014201564454,-150.217792949394,-149.625268942263,-149.625586950085,-149.968148216568,-149.961601436063,-149.926268820274,-149.919825803393,-149.922650782547,-149.951925885579,-149.97581184,-149.97527325,-149.97283477,-149.97234048,-149.972859798472,-149.968569661052
-149.27660857037583,-149.61214603374455,-149.33513395872782,-150.02600026304162,-149.9106992424607,-150.02330362516105,-149.76568359374377,-149.939297462081,-149.80497638157055,-150.0688703354068,-149.94937556676012,-150.05901468661372,-149.7907594672139,-149.92489215880408,-149.81962905473364,-149.7907594672139,-149.92489215880408,-149.81962905473364,-149.8746131485991,-149.94173920612425,-149.8815568648261,-149.894011813,-149.951193003,-149.899144524,-149.96663637371543,-149.96268224485675,-149.95578163054543,-149.897603869,-149.952310176,-149.905347088,-149.96055411469635,-149.96338318791865,-149.95554525004673,-149.28944560688663,-150.01249679427,-150.012489483049,-150.216782643405,-149.621377854765,-149.621906715329,-149.962427470848,-149.955808872149,-149.919646861458,-149.913678544931,-149.916304726347,-149.946644518089,-149.97026109,-149.96975062,-149.96731103,-149.96684282,-149.967352752024,-149.963111890212
-149.2564512652596,-149.61389045542228,-149.3148142766608,-150.03130985016946,-149.9102511886065,-150.0257731424308,-149.7351959190824,-149.93896044663182,-149.77702477652826,-150.0808586768318,-149.9484649490017,-150.0658882242735,-149.77584940802566,-149.92475739009532,-149.8039777983776,-149.77584940802566,-149.92475739009532,-149.8039777983776,-149.86526636340204,-149.94126252808525,-149.8690231549546,-149.885827168,-149.948568837,-149.887476484,-149.96497048340984,-149.958762116454,-149.94823894282848,-149.888704994,-149.949490956,-149.893518552,-149.95634599965604,-149.959302513796,-149.94671059234278,-149.26920939096183,-150.011930205054,-150.011922309304,-150.216816300474,-149.618308280925,-149.619057797371,-149.957580195118,-149.95102443466,-149.914037138843,-149.908568400945,-149.911010581574,-149.942337786175,-149.96568892,-149.96521693,-149.9627652,-149.96233253,-149.962833300677,-149.958638943523
-149.23725697564447,-149.61542555703167,-149.29544756535148,-150.03819577391408,-149.91002757850757,-150.02981754728103,-149.70307444261596,-149.93882393299248,-149.74784631246135,-150.09625488475282,-149.94788043208325,-150.0756534493939,-149.7617757281222,-149.92478440643066,-149.78916387522332,-149.7617757281222,-149.92478440643066,-149.78916387522332,-149.85713862519623,-149.94101570081548,-149.85765096421883,-149.878864991,-149.946719398,-149.877016835,-149.96512552721515,-149.95587854007505,-149.9424639301264,-149.880821841,-149.947480054,-149.882664486,-149.9534630682918,-149.95630156186084,-149.9390936698121,-149.24995531191595,-150.012501300982,-150.012493794483,-150.217905082294,-149.615920831366,-149.616885037644,-149.953516887646,-149.947100934172,-149.909349675328,-149.904379159232,-149.90665766433,-149.938868613198,-149.96196704,-149.96154109,-149.9590682,-149.95867796,-149.959170036831,-149.955018132523
-149.21901254489603,-149.61675677618587,-149.27702320055775,-150.0466307410171,-149.90994036876373,-150.03541541871468,-149.66912679102987,-149.93880589264927,-149.7172642761957,-150.11539079012294,-149.94751094413576,-150.08856748014935,-149.74853049919287,-149.9249008979687,-149.77518129158423,-149.74853049919287,-149.9249008979687,-149.77518129158423,-149.85019038516853,-149.9409139244866,-149.847518860772,-149.8730678,-149.945438229,-149.867854647,-149.9670136747196,-149.95379581903708,-149.93869448756172,-149.87391563,-149.946068073,-149.872818483,-149.95184865164515,-149.9541316281038,-149.9327827191466,-149.23166778992447,-150.01419297422,-150.014182869196,-150.220049638174,-149.614082673636,-149.615244310309,-149.950139958255,-149.943898067995,-149.90547635954,-149.900984579572,-149.903118148107,-149.936097398907,-149.95896228,-149.95858593,-149.95608632,-149.9557417,-149.956226242419,-149.95211207098
-149.20169569415634,-149.6178988435657,-149.25952117225648,-150.05657902168866,-149.90993271428505,-150.0425358458068,-149.63315126418195,-149.93885354312664,-149.68509135263852,-150.13863450736716,-149.94728159048893,-150.1049147960283,-149.73609657057293,-149.9250605823831,-149.76201488127225,-149.73609657057293,-149.9250605823831,-149.76201488127225,-149.8443477266084,-149.94090037074935,-149.83869804577435,-149.868343724,-149.944562813,-149.860065915,-149.9704759606936,-149.95231092586718,-149.93715980631134,-149.867926824,-149.945088952,-149.864003393,-149.95140939492353,-149.9525818533436,-149.92785621383655,-149.21432223173449,-150.01698082097,-150.016973386294,-150.223242113295,-149.612676349312,-149.614012366579,-149.947351986839,-149.941288098245,-149.902302962147,-149.898256408774,-149.900262244174,-149.933893910396,-149.95654832,-149.95622154,-149.95369291,-149.95339384,-149.953872073598,-149.949790893111
-149.18527738899314,-149.61887058053713,-149.24291445922904,-150.06799843341207,-149.9099681097193,-150.05114051330082,-149.5949398479829,-149.93893327810017,-149.65113268764142,-150.16639419454182,-149.94714195877648,-150.12501111510196,-149.724449760843,-149.92523438051492,-149.7496425023371,-149.724449760843,-149.92523438051492,-149.7496425023371,-149.8395079365906,-149.94093697182996,-149.83123925118343,-149.864573651,-149.943970944,-149.85368875,-149.97529349085423,-149.9512608518573,-149.93802032273965,-149.862780012,-149.944416205,-149.856228585,-149.95202205875603,-149.95148368255667,-149.9243739349675,-149.19788743584132,-150.020834701852,-150.020809140359,-150.227467629645,-149.611603410827,-149.613089381861,-149.945060140654,-149.939162086963,-149.899718451352,-149.896100229568,-149.897968309061,-149.932144682342,-149.95461372,-149.95433402,-149.95177639,-149.95152051,-149.951993002492,-149.947940238063
-149.16972385179244,-149.619691805431,-149.22717105604153,-150.08084192022952,-149.91002328888175,-150.0611854682232,-149.5542810229472,-149.93902400132208,-149.6151887044194,-150.19912080383247,-149.94705815645318,-150.14920652921893,-149.71356070007573,-149.92540449433267,-149.73803691822363,-149.71356070007573,-149.92540449433267,-149.73803691822363,-149.83555249818707,-149.94099857504813,-149.8251460430982,-149.861625184,-149.943573529,-149.848698759,-149.9812127422535,-149.9505207591633,-149.94129708103895,-149.858387671,-149.943956376,-149.849486075,-149.95353961081994,-149.95070805934327,-149.92236379312965,-149.1823276311068,-150.025720032286,-150.025710162261,-150.232705427942,-149.610784465038,-149.612397294333,-149.943181625073,-149.937429956698,-149.897621082945,-149.894422682958,-149.89612971123,-149.930755218942,-149.95306378,-149.95282699,-149.9502421,-149.95002556,-149.950492799215,-149.946464256443
-149.15499825588623,-149.6203816689392,-149.21225568423043,-150.09505908858415,-149.9100836670469,-150.07262267106353,-149.51096224373802,-149.93911281404112,-149.5770576548893,-150.23731025667004,-149.94700750571027,-150.17788792280425,-149.70339647961325,-149.92556053230254,-149.72716741500295,-149.70339647961325,-149.92556053230254,-149.72716741500295,-149.83235454722458,-149.94106876887273,-149.82035500335024,-149.859362165,-149.943307133,-149.844991351,-149.98796705059968,-149.9499984195911,-149.94681672961568,-149.854660852,-149.943642045,-149.843741734,-149.9558101763996,-149.95015944629012,-149.9218009740871,-149.16760418551792,-150.031598921425,-150.031580081217,-150.238929805807,-149.610157244279,-149.611876452473,-149.941642475229,-149.936016492741,-149.895921574279,-149.892969631509,-149.894655360407,-149.929648526849,-149.95181911,-149.95162014,-149.94901088,-149.94882899,-149.949292310098,-149.945284323437
-149.14106209644456,-149.62095788044468,-149.19813118084286,-150.11059738876085,-149.91014036960422,-150.08540136083872,-149.4647721388703,-149.93919218715817,-149.5365378280864,-150.28150457956275,-149.94697496483118,-150.21148070630835,-149.69392197417395,-149.92569694652755,-149.71700115223095,-149.69392197417395,-149.92569694652755,-149.71700115223095,-149.82979278234413,-149.9411371574518,-149.81673228216138,-149.857656931,-149.943127253,-149.842392466,-149.9953026640385,-149.94962689554447,-149.95422435767523,-149.85150979,-149.943425401,-149.83893626,-149.9586793880351,-149.94976840281134,-149.92260370297913,-149.15367698222883,-150.038431199531,-150.038423802519,-150.246110936483,-149.609673902577,-149.61148199531,-149.940380115224,-149.934859426384,-149.894544058078,-149.89183934982,-149.893470427504,-149.928763017562,-149.95081669,-149.95065045,-149.94801988,-149.94786795,-149.948327658837,-149.944337005865
-149.1278762419739,-149.6214364472504,-149.18475956660535,-150.1274033089266,-149.91018838981344,-150.09946923970008,-149.41550213588397,-149.93925820410124,-149.49342934334172,-150.3322926886084,-149.94695081455143,-150.25044994323633,-149.6851009397696,-149.92581142671696,-149.70750424263335,-149.6851009397696,-149.92581142671696,-149.70750424263335,-149.82775376345205,-149.941197552486,-149.81409136145703,-149.856395824,-149.943003259,-149.840684201,-150.00299224945036,-149.9493587175297,-149.9630398543244,-149.848852312,-149.943273176,-149.834985925,-149.96200585523104,-149.94948573989203,-149.9246329272228,-149.14050546841352,-150.046175334302,-150.046166956445,-150.254215613684,-149.609298243632,-149.611180593397,-149.939343502557,-149.933909284767,-149.893425518995,-149.890936661784,-149.892514476355,-149.92805054314,-149.95000589,-149.94986755,-149.94721869,-149.94709229,-149.947548640481,-149.943572546827
-149.11540169619835,-149.62183166634847,-149.17210282313107,-150.14542317402575,-149.9102253304458,-150.11477346808638,-149.3629478436279,-149.93930935902486,-149.4475355092254,-150.390310321823,-149.94692904113376,-150.29530096682657,-149.67689684045027,-149.92590379643633,-149.69864257158952,-149.67689684045027,-149.92590379643633,-149.69864257158952,-149.8261401354994,-149.94124677722704,-149.81223087081216,-149.855481942,-149.942914436,-149.839655808,-150.01084277550103,-149.94916066673915,-149.97278152597127,-149.846612613,-149.943162599,-149.831783185,-149.9656603119253,-149.94927686826395,-149.92769002681672,-149.12804940871223,-150.05478922102,-150.054764314215,-150.263207938185,-149.609055842959,-149.610947739884,-149.93858433086,-149.933125723227,-149.892598907861,-149.890316418521,-149.891851912053,-149.927473450542,-149.94934593,-149.94923105,-149.94656685,-149.94646189,-149.946915655211,-149.942951809856
-149.10360012361684,-149.62215621884977,-149.16012343275935,-150.16460396603682,-149.91025055833762,-150.1312614691238,-149.30690982308687,-149.9393457508288,-149.3986637888874,-150.4562399046226,-149.94690622296866,-150.34657958943137,-149.6692734710089,-149.92597526834135,-149.69038239051346,-149.6692734710089,-149.92597526834135,-149.69038239051346,-149.8248692836585,-149.94128363746063,-149.81096070268987,-149.854836207,-149.942847111,-149.839116998,-150.01869888584216,-149.9490099971244,-149.9830058067409,-149.844724792,-149.943078427,-149.829218377,-149.96953251635108,-149.94911798663847,-149.93156609419648,-149.11626939864664,-150.064230835626,-150.064206897533,-150.273049947858,-149.608879975932,-149.610765586089,-149.937961046645,-149.932476563277,-149.891934636305,-149.889791958441,-149.891292670698,-149.927002665127,-149.94880542,-149.9487101,-149.94603316,-149.9459461,-149.946397918646,-149.942444359627
-149.09243420080736,-149.6224212885666,-149.14878474326304,-150.18489385916308,-149.9102645870406,-150.14888154240003,-149.2471941587037,-149.9393684930436,-149.34662646372752,-150.5308099451899,-149.94688071010893,-150.40487197101783,-149.662195397211,-149.9260278962985,-149.6826907282468,-149.662195397211,-149.9260278962985,-149.6826907282468,-149.8238739113043,-149.94130832960985,-149.8101255975484,-149.854394557,-149.942792511,-149.838919553,-150.02643857061267,-149.94889120930287,-149.9933682621295,-149.843132535,-149.943010684,-149.827182563,-149.9735311357933,-149.94899289769796,-149.93604775571615,-149.1051272015318,-150.074458741688,-150.074447150826,-150.283702181508,-149.608728652245,-149.610621241351,-149.937426604484,-149.93193598638,-149.891374327529,-149.889353910729,-149.890820060645,-149.926615731888,-149.94836032,-149.94828146,-149.94559378,-149.94552175,-149.945971463791,-149.942026577134
-149.08186785062563,-149.62263667479175,-149.13805121488747,-150.20624259556047,-149.91026863928846,-150.16758290253213,-149.1836128467504,-149.9393793003854,-149.29124193162835,-150.61479414713037,-149.94685203909864,-150.47080479963023,-149.65562826573367,-149.9260641906859,-149.6755356430978,-149.65562826573367,-149.9260641906859,-149.6755356430978,-149.82310039966023,-149.94132192301595,-149.80960196732525,-149.854107053,-149.94274524,-149.838949726,-150.03397118934151,-149.9487940316072,-150.00360706075531,-149.841788554,-149.942953148,-149.825575002,-149.97758284359725,-149.94889092701595,-149.94093738731695,-149.09458596730678,-150.085432448744,-150.085425030938,-150.295124166543,-149.60859756343,-149.610505459873,-149.936968917862,-149.931484147706,-149.890900856253,-149.888991864855,-149.890419470938,-149.926295642487,-149.9479914,-149.94792602,-149.94522966,-149.94516996,-149.945618054623,-149.941680471463
